,customer_id,streak_id,streak_length,max_temperature,start_internal_temp,streak_start_time,streak_end_time,temp_delta,avg_temperature
0,9,1,2.0,34.16277777777778,26.097222222222214,2023-07-30 18:15:00,2023-07-30 20:00:00,8.065555555555562,27.076249999999995
1,9,2,8.0,34.16277777777778,30.255000000000003,2023-07-31 08:15:00,2023-07-31 16:00:00,3.907777777777774,32.05348958333333
2,11,1,1.25,26.0,25.61,2023-07-01 08:30:00,2023-07-01 09:30:00,0.39000000000000057,25.805000000000007
3,11,2,1.0,26.0,26.0,2023-07-03 08:15:00,2023-07-03 08:15:00,0.0,26.0
4,11,3,1.0,25.90222222222222,25.90222222222222,2023-07-05 08:30:00,2023-07-05 08:30:00,0.0,25.90222222222222
5,11,4,1.0,25.90222222222222,25.90222222222222,2023-07-08 08:30:00,2023-07-08 08:30:00,0.0,25.90222222222222
6,11,5,1.0,26.0,26.0,2023-07-09 08:15:00,2023-07-09 08:15:00,0.0,26.0
7,12,1,2.75,27.172777777777775,24.06222222222222,2023-07-03 13:30:00,2023-07-03 16:00:00,3.1105555555555533,25.860909090909086
8,16,1,1.0,25.512777777777774,25.02777777777778,2023-07-01 08:00:00,2023-07-01 08:30:00,0.4849999999999959,25.31888888888889
9,16,2,4.5,28.952777777777776,25.805,2023-07-01 09:00:00,2023-07-01 13:15:00,3.147777777777776,27.42203703703704
10,16,3,3.0,29.15222222222222,27.272222222222226,2023-07-01 18:00:00,2023-07-01 20:45:00,1.8799999999999955,28.448935185185185
11,16,4,5.25,29.552222222222227,26.097222222222214,2023-07-02 08:15:00,2023-07-02 13:15:00,3.4550000000000125,27.852566137566143
12,16,5,2.5,28.059999999999995,25.90222222222222,2023-07-03 08:15:00,2023-07-03 10:30:00,2.157777777777774,26.959166666666665
13,16,6,1.0,28.852777777777774,27.467777777777776,2023-07-03 20:00:00,2023-07-03 20:45:00,1.384999999999998,27.73902777777777
14,16,7,1.75,27.96111111111111,26.097222222222214,2023-07-04 09:00:00,2023-07-04 10:30:00,1.8638888888888943,27.104523809523812
15,16,8,3.75,29.552222222222227,27.567222222222217,2023-07-04 14:00:00,2023-07-04 17:30:00,1.98500000000001,28.69603703703704
16,16,9,2.25,27.862222222222226,26.097222222222214,2023-07-05 08:15:00,2023-07-05 10:15:00,1.7650000000000112,27.010864197530868
17,16,10,4.5,29.05277777777778,26.682777777777776,2023-07-05 14:00:00,2023-07-05 18:15:00,2.3700000000000045,28.105833333333337
18,16,11,2.0,27.075000000000003,25.61,2023-07-06 08:15:00,2023-07-06 10:00:00,1.4650000000000034,26.366111111111113
19,16,12,5.75,29.852777777777774,26.487777777777776,2023-07-06 14:00:00,2023-07-06 19:30:00,3.3649999999999984,28.42951690821256
20,16,13,2.5,28.059999999999995,26.39,2023-07-07 08:15:00,2023-07-07 10:30:00,1.6699999999999946,27.233111111111118
21,16,14,5.75,29.75222222222222,27.075000000000003,2023-07-07 14:00:00,2023-07-07 19:30:00,2.677222222222216,29.011400966183583
22,16,15,2.5,28.357222222222227,26.682777777777776,2023-07-08 08:15:00,2023-07-08 10:30:00,1.6744444444444504,27.617
23,16,16,2.5,28.15888888888889,26.487777777777776,2023-07-09 08:15:00,2023-07-09 10:30:00,1.671111111111113,27.40066666666667
24,16,17,2.5,29.05277777777778,26.97722222222222,2023-07-10 08:15:00,2023-07-10 10:30:00,2.0755555555555603,28.002277777777778
25,16,18,5.75,30.153888888888886,27.96111111111111,2023-07-10 14:00:00,2023-07-10 19:30:00,2.1927777777777777,29.4969806763285
26,16,19,2.5,28.952777777777776,27.567222222222217,2023-07-11 08:15:00,2023-07-11 10:30:00,1.385555555555559,28.278499999999994
27,16,20,5.75,30.557777777777783,27.96111111111111,2023-07-11 14:00:00,2023-07-11 19:30:00,2.5966666666666747,29.689130434782612
28,16,21,1.25,28.655,27.665,2023-07-12 08:15:00,2023-07-12 09:15:00,0.990000000000002,28.198999999999998
29,16,22,4.75,30.153888888888886,27.665,2023-07-12 14:00:00,2023-07-12 18:30:00,2.488888888888887,29.222865497076025
30,16,23,3.0,29.552222222222227,27.370000000000005,2023-07-13 08:00:00,2023-07-13 10:45:00,2.1822222222222223,28.532453703703695
31,16,24,5.75,32.291111111111114,28.75388888888889,2023-07-13 14:15:00,2023-07-13 19:45:00,3.5372222222222227,31.105845410628035
32,16,25,3.0,29.552222222222227,27.370000000000005,2023-07-14 08:00:00,2023-07-14 10:45:00,2.1822222222222223,28.532546296296296
33,16,26,3.75,31.880000000000003,28.655,2023-07-14 14:15:00,2023-07-14 17:45:00,3.2250000000000014,30.515407407407412
34,16,27,4.5,31.267777777777773,28.25777777777778,2023-07-15 08:30:00,2023-07-15 12:45:00,3.0099999999999945,29.839938271604936
35,16,28,2.0,30.96277777777778,29.25222222222222,2023-07-15 18:30:00,2023-07-15 20:15:00,1.7105555555555618,30.079861111111118
36,16,29,4.5,31.573888888888884,28.952777777777776,2023-07-16 08:30:00,2023-07-16 12:45:00,2.6211111111111087,30.23009259259259
37,16,30,2.0,30.658888888888896,29.352222222222224,2023-07-16 18:45:00,2023-07-16 20:30:00,1.306666666666672,30.104999999999993
38,16,31,2.0,29.15222222222222,27.665,2023-07-17 08:00:00,2023-07-17 09:45:00,1.487222222222222,28.407361111111115
39,16,32,4.75,30.557777777777783,28.555,2023-07-17 14:15:00,2023-07-17 18:45:00,2.0027777777777835,29.833479532163736
40,16,33,1.75,28.75388888888889,27.370000000000005,2023-07-18 08:00:00,2023-07-18 09:30:00,1.3838888888888867,28.103174603174597
41,16,34,5.75,30.457222222222217,28.059999999999995,2023-07-18 14:00:00,2023-07-18 19:30:00,2.397222222222222,29.65425120772947
42,16,35,1.75,28.75388888888889,27.467777777777776,2023-07-19 08:00:00,2023-07-19 09:30:00,1.286111111111115,28.074682539682538
43,16,36,5.75,30.86222222222223,28.15888888888889,2023-07-19 14:00:00,2023-07-19 19:30:00,2.7033333333333402,30.013405797101434
44,16,37,1.75,28.555,27.272222222222226,2023-07-20 08:00:00,2023-07-20 09:30:00,1.282777777777774,27.905476190476193
45,16,38,5.75,30.86222222222223,28.456111111111117,2023-07-20 14:00:00,2023-07-20 19:30:00,2.4061111111111124,30.100386473429936
46,16,39,1.75,28.357222222222227,26.87888888888889,2023-07-21 08:00:00,2023-07-21 09:30:00,1.4783333333333353,27.66595238095238
47,16,40,5.0,30.457222222222217,27.96111111111111,2023-07-21 14:45:00,2023-07-21 19:30:00,2.4961111111111087,29.559666666666676
48,16,41,2.75,29.352222222222224,27.567222222222217,2023-07-22 08:00:00,2023-07-22 10:30:00,1.7850000000000072,28.34919191919191
49,16,42,3.25,30.557777777777783,29.25222222222222,2023-07-22 16:00:00,2023-07-22 19:00:00,1.3055555555555642,30.077735042735032
50,16,43,2.5,28.952777777777776,27.075000000000003,2023-07-23 08:00:00,2023-07-23 10:15:00,1.8777777777777729,27.933055555555555
51,16,44,1.5,29.65222222222222,28.15888888888889,2023-07-23 16:00:00,2023-07-23 17:15:00,1.4933333333333323,28.970555555555556
52,16,45,1.75,28.655,27.272222222222226,2023-07-24 08:15:00,2023-07-24 09:45:00,1.3827777777777754,27.976269841269836
53,16,46,5.75,31.063888888888894,28.456111111111117,2023-07-24 14:15:00,2023-07-24 19:45:00,2.607777777777777,30.257270531400952
54,16,47,1.75,28.852777777777774,27.567222222222217,2023-07-25 08:15:00,2023-07-25 09:45:00,1.2855555555555576,28.188015873015875
55,16,48,4.75,31.267777777777773,28.952777777777776,2023-07-25 14:15:00,2023-07-25 18:45:00,2.3149999999999977,30.53324561403508
56,16,49,1.75,29.15222222222222,27.96111111111111,2023-07-26 08:15:00,2023-07-26 09:45:00,1.1911111111111126,28.55587301587302
57,16,50,5.75,31.573888888888884,29.05277777777778,2023-07-26 14:15:00,2023-07-26 19:45:00,2.5211111111111038,30.90864734299519
58,16,51,1.75,28.655,27.370000000000005,2023-07-27 08:15:00,2023-07-27 09:45:00,1.2849999999999966,28.032619047619036
59,16,52,4.25,31.47222222222222,28.555,2023-07-27 15:45:00,2023-07-27 19:45:00,2.9172222222222217,30.354183006535955
60,16,53,1.25,28.75388888888889,28.456111111111117,2023-07-28 08:45:00,2023-07-28 09:45:00,0.2977777777777746,28.575222222222223
61,16,54,6.75,32.6,27.862222222222226,2023-07-28 13:15:00,2023-07-28 19:45:00,4.737777777777776,30.954567901234554
62,16,55,3.0,30.356111111111115,28.75388888888889,2023-07-29 08:00:00,2023-07-29 10:45:00,1.602222222222224,29.55314814814814
63,16,56,2.0,31.37,29.452222222222225,2023-07-29 15:00:00,2023-07-29 16:45:00,1.9177777777777756,30.471527777777776
64,16,57,2.25,30.255000000000003,28.952777777777776,2023-07-30 08:45:00,2023-07-30 10:45:00,1.3022222222222268,29.63067901234568
65,16,58,3.0,31.267777777777773,28.655,2023-07-30 14:45:00,2023-07-30 17:30:00,2.6127777777777723,30.157453703703702
66,16,59,1.0,29.852777777777774,28.852777777777774,2023-07-30 20:00:00,2023-07-30 20:45:00,1.0,29.202361111111113
67,16,60,1.75,27.96111111111111,26.87888888888889,2023-07-31 08:15:00,2023-07-31 09:45:00,1.0822222222222173,27.440555555555566
68,16,61,4.75,30.356111111111115,26.97722222222222,2023-07-31 14:15:00,2023-07-31 18:45:00,3.378888888888895,29.167397660818715
69,17,1,1.0,26.292222222222215,26.292222222222215,2023-07-01 08:45:00,2023-07-01 08:45:00,0.0,26.292222222222218
70,17,2,1.25,27.075000000000003,26.097222222222214,2023-07-02 15:15:00,2023-07-02 16:15:00,0.9777777777777885,26.624777777777776
71,17,3,1.25,27.075000000000003,26.0,2023-07-03 15:15:00,2023-07-03 16:15:00,1.0750000000000028,26.58577777777778
72,17,4,1.25,27.272222222222226,26.097222222222214,2023-07-04 15:15:00,2023-07-04 16:15:00,1.1750000000000114,26.723111111111116
73,17,5,1.25,27.272222222222226,26.097222222222214,2023-07-05 15:15:00,2023-07-05 16:15:00,1.1750000000000114,26.723111111111116
74,17,6,1.25,27.272222222222226,26.097222222222214,2023-07-06 15:15:00,2023-07-06 16:15:00,1.1750000000000114,26.742666666666665
75,17,7,1.25,26.585,26.0,2023-07-09 08:15:00,2023-07-09 09:15:00,0.5850000000000009,26.272888888888886
76,17,8,1.0,26.39,26.0,2023-07-10 08:15:00,2023-07-10 09:00:00,0.39000000000000057,26.194861111111106
77,17,9,2.25,27.96111111111111,26.195,2023-07-10 15:15:00,2023-07-10 17:15:00,1.7661111111111083,27.196296296296296
78,17,10,1.0,26.585,26.097222222222214,2023-07-11 08:15:00,2023-07-11 09:00:00,0.4877777777777865,26.34111111111111
79,17,11,1.25,27.567222222222217,26.292222222222215,2023-07-11 15:15:00,2023-07-11 16:15:00,1.2750000000000021,27.017111111111106
80,17,12,1.0,27.272222222222226,26.39,2023-07-12 15:15:00,2023-07-12 16:00:00,0.8822222222222251,26.879583333333336
81,17,13,1.25,26.585,25.90222222222222,2023-07-14 08:00:00,2023-07-14 09:00:00,0.6827777777777797,26.272888888888886
82,17,14,1.25,27.272222222222226,26.097222222222214,2023-07-14 15:15:00,2023-07-14 16:15:00,1.1750000000000114,26.723111111111116
83,17,15,1.0,26.585,26.097222222222214,2023-07-15 08:15:00,2023-07-15 09:00:00,0.4877777777777865,26.316805555555554
84,17,16,1.25,26.682777777777776,25.90222222222222,2023-07-17 08:15:00,2023-07-17 09:15:00,0.780555555555555,26.272888888888886
85,17,17,1.5,27.665,26.292222222222215,2023-07-17 15:15:00,2023-07-17 16:30:00,1.3727777777777845,27.010277777777773
86,17,18,1.0,26.487777777777776,25.90222222222222,2023-07-18 08:15:00,2023-07-18 09:00:00,0.5855555555555547,26.194861111111106
87,17,19,1.0,27.567222222222217,26.487777777777776,2023-07-18 15:15:00,2023-07-18 16:00:00,1.0794444444444409,27.00222222222222
88,17,20,1.0,26.487777777777776,25.90222222222222,2023-07-19 08:00:00,2023-07-19 08:45:00,0.5855555555555547,26.194861111111106
89,17,21,1.0,27.467777777777776,26.39,2023-07-19 15:15:00,2023-07-19 16:00:00,1.0777777777777757,26.977361111111115
90,17,22,1.0,26.487777777777776,26.0,2023-07-20 08:15:00,2023-07-20 09:00:00,0.48777777777777587,26.26819444444444
91,17,23,1.25,26.585,26.0,2023-07-23 08:15:00,2023-07-23 09:15:00,0.5850000000000009,26.311999999999998
92,17,24,1.0,26.487777777777776,26.0,2023-07-24 08:15:00,2023-07-24 09:00:00,0.48777777777777587,26.26819444444444
93,17,25,1.5,27.665,26.195,2023-07-24 15:15:00,2023-07-24 16:30:00,1.4699999999999989,26.994074074074078
94,17,26,1.5,27.862222222222226,26.292222222222215,2023-07-25 15:15:00,2023-07-25 16:30:00,1.570000000000011,27.14157407407407
95,17,27,1.0,26.585,26.0,2023-07-27 08:15:00,2023-07-27 09:00:00,0.5850000000000009,26.2925
96,17,28,1.0,27.075000000000003,26.0,2023-07-27 15:15:00,2023-07-27 16:00:00,1.0750000000000028,26.61041666666667
97,17,29,1.25,26.585,25.90222222222222,2023-07-28 08:00:00,2023-07-28 09:00:00,0.6827777777777797,26.272888888888886
98,17,30,1.0,27.172777777777775,26.195,2023-07-28 15:15:00,2023-07-28 16:00:00,0.9777777777777743,26.70791666666667
99,17,31,1.0,26.487777777777776,26.0,2023-07-31 08:00:00,2023-07-31 08:45:00,0.48777777777777587,26.26819444444444
100,21,1,3.75,30.053888888888885,29.452222222222225,2023-07-01 08:45:00,2023-07-01 12:15:00,0.6016666666666595,29.65244444444444
101,21,2,1.75,30.053888888888885,29.952777777777783,2023-07-02 08:15:00,2023-07-02 09:45:00,0.10111111111110205,29.996111111111116
102,21,3,1.25,30.053888888888885,29.852777777777774,2023-07-03 08:00:00,2023-07-03 09:00:00,0.20111111111111057,29.97322222222222
103,21,4,1.0,30.053888888888885,30.053888888888885,2023-07-05 08:30:00,2023-07-05 08:30:00,0.0,30.053888888888885
104,21,5,1.0,30.053888888888885,30.053888888888885,2023-07-06 08:45:00,2023-07-06 08:45:00,0.0,30.053888888888885
105,21,6,6.5,30.053888888888885,26.585,2023-07-07 08:45:00,2023-07-07 15:00:00,3.468888888888884,28.44113247863249
106,21,7,1.25,30.053888888888885,29.952777777777783,2023-07-08 08:15:00,2023-07-08 09:15:00,0.10111111111110205,30.013444444444442
107,21,8,1.0,30.053888888888885,30.053888888888885,2023-07-09 08:15:00,2023-07-09 08:30:00,0.0,30.053888888888885
108,21,9,1.0,26.87888888888889,26.0,2023-07-12 11:45:00,2023-07-12 12:30:00,0.8788888888888913,26.463472222222222
109,21,10,4.75,29.352222222222224,26.487777777777776,2023-07-14 09:45:00,2023-07-14 14:15:00,2.864444444444448,28.07839181286549
110,21,11,3.0,29.852777777777774,27.272222222222226,2023-07-22 14:45:00,2023-07-22 17:30:00,2.5805555555555486,28.74828703703704
111,22,1,2.5,31.063888888888894,29.852777777777774,2023-07-14 11:00:00,2023-07-14 13:15:00,1.2111111111111192,30.44733333333333
112,28,1,1.0,27.76388888888889,26.487777777777776,2023-07-08 18:30:00,2023-07-08 19:15:00,1.2761111111111134,27.174166666666665
113,28,2,1.0,29.05277777777778,28.357222222222227,2023-07-08 19:45:00,2023-07-08 20:30:00,0.6955555555555542,28.72944444444445
114,28,3,8.5,37.055,31.063888888888894,2023-07-09 08:45:00,2023-07-09 17:00:00,5.991111111111106,34.02236928104575
115,32,1,2.25,29.852777777777774,29.15222222222222,2023-07-01 08:15:00,2023-07-01 10:15:00,0.7005555555555532,29.38555555555556
116,32,2,1.0,29.852777777777774,29.65222222222222,2023-07-02 08:00:00,2023-07-02 08:30:00,0.20055555555555316,29.685555555555563
117,32,3,1.25,29.852777777777774,29.552222222222227,2023-07-06 08:00:00,2023-07-06 09:00:00,0.30055555555554747,29.632222222222214
118,32,4,1.0,29.852777777777774,29.65222222222222,2023-07-08 08:00:00,2023-07-08 08:30:00,0.20055555555555316,29.685555555555563
119,33,1,1.0,35.435,34.37388888888889,2023-07-01 08:15:00,2023-07-01 09:00:00,1.06111111111111,34.93
120,33,2,1.0,35.00888888888889,34.585,2023-07-02 08:00:00,2023-07-02 08:15:00,0.4238888888888894,34.79694444444445
121,33,3,1.0,37.27388888888889,36.40277777777778,2023-07-07 08:30:00,2023-07-07 09:15:00,0.8711111111111123,36.86486111111112
122,33,4,3.5,28.75388888888889,26.87888888888889,2023-07-10 08:30:00,2023-07-10 11:45:00,1.875,27.786150793650805
123,36,1,1.0,26.487777777777776,26.39,2023-07-06 08:00:00,2023-07-06 08:15:00,0.0977777777777753,26.43888888888889
124,36,2,1.0,27.370000000000005,26.585,2023-07-06 13:00:00,2023-07-06 13:45:00,0.7850000000000037,26.97722222222223
125,36,3,1.0,26.97722222222222,26.195,2023-07-07 10:45:00,2023-07-07 11:30:00,0.7822222222222202,26.634583333333335
126,36,4,1.0,27.075000000000003,27.075000000000003,2023-07-10 08:15:00,2023-07-10 08:15:00,0.0,27.075000000000003
127,36,5,1.0,26.87888888888889,26.097222222222214,2023-07-23 08:45:00,2023-07-23 09:30:00,0.781666666666677,26.512222222222217
128,36,6,1.0,27.467777777777776,26.682777777777776,2023-07-23 10:15:00,2023-07-23 11:00:00,0.7850000000000001,27.1
129,36,7,1.0,26.87888888888889,26.292222222222215,2023-07-31 09:15:00,2023-07-31 10:00:00,0.5866666666666767,26.58541666666666
130,38,1,1.0,27.370000000000005,27.370000000000005,2023-07-01 08:45:00,2023-07-01 08:45:00,0.0,27.370000000000005
131,38,2,1.0,27.370000000000005,26.97722222222222,2023-07-27 08:45:00,2023-07-27 09:30:00,0.3927777777777841,27.14875
132,45,1,3.0,29.15222222222222,28.25777777777778,2023-07-01 08:30:00,2023-07-01 11:15:00,0.8944444444444422,28.654907407407418
133,45,2,1.25,29.952777777777783,28.952777777777776,2023-07-01 14:15:00,2023-07-01 15:15:00,1.000000000000007,29.472444444444438
134,45,3,1.25,29.75222222222222,29.05277777777778,2023-07-02 12:30:00,2023-07-02 13:30:00,0.6994444444444383,29.412333333333336
135,45,4,12.0,34.585,28.655,2023-07-03 08:45:00,2023-07-03 20:30:00,5.93,30.813124999999996
136,45,5,12.0,34.585,31.063888888888894,2023-07-04 08:45:00,2023-07-04 20:30:00,3.5211111111111073,32.40077546296296
137,45,6,12.0,34.585,31.267777777777773,2023-07-05 08:45:00,2023-07-05 20:30:00,3.3172222222222274,32.671261574074066
138,45,7,12.0,34.585,31.47222222222222,2023-07-06 08:45:00,2023-07-06 20:30:00,3.1127777777777794,33.037395833333335
139,45,8,12.0,34.585,32.08611111111111,2023-07-07 08:45:00,2023-07-07 20:30:00,2.4988888888888923,33.352337962962956
140,45,9,8.5,34.585,32.187777777777775,2023-07-08 08:45:00,2023-07-08 17:00:00,2.3972222222222257,33.117598039215686
141,45,10,1.25,28.852777777777774,28.059999999999995,2023-07-09 09:00:00,2023-07-09 10:00:00,0.7927777777777791,28.496
142,45,11,1.75,29.65222222222222,28.059999999999995,2023-07-10 15:00:00,2023-07-10 16:30:00,1.592222222222226,28.939920634920643
143,45,12,1.5,29.25222222222222,28.75388888888889,2023-07-11 08:00:00,2023-07-11 09:15:00,0.49833333333332774,29.002777777777776
144,45,13,2.25,29.75222222222222,28.15888888888889,2023-07-11 12:45:00,2023-07-11 14:45:00,1.5933333333333302,29.020493827160497
145,45,14,2.0,30.153888888888886,28.456111111111117,2023-07-12 15:30:00,2023-07-12 17:15:00,1.6977777777777696,29.428124999999998
146,45,15,1.0,29.05277777777778,28.952777777777776,2023-07-13 08:45:00,2023-07-13 09:00:00,0.10000000000000497,29.002777777777776
147,45,16,1.75,30.153888888888886,28.852777777777774,2023-07-13 14:15:00,2023-07-13 15:45:00,1.301111111111112,29.50984126984128
148,45,17,1.0,28.852777777777774,28.555,2023-07-14 08:30:00,2023-07-14 09:15:00,0.2977777777777746,28.70416666666667
149,45,18,2.75,30.76,28.555,2023-07-15 13:45:00,2023-07-15 16:15:00,2.205000000000002,29.717979797979794
150,45,19,3.0,30.557777777777783,29.05277777777778,2023-07-16 09:45:00,2023-07-16 12:30:00,1.5050000000000026,29.85384259259259
151,45,20,3.0,30.457222222222217,29.05277777777778,2023-07-17 08:45:00,2023-07-17 11:30:00,1.4044444444444366,29.72824074074074
152,45,21,3.25,30.457222222222217,28.852777777777774,2023-07-18 08:45:00,2023-07-18 11:45:00,1.604444444444443,29.607008547008547
153,45,22,12.0,37.71388888888889,29.852777777777774,2023-07-19 08:45:00,2023-07-19 20:30:00,7.861111111111114,32.204965277777774
154,45,23,12.0,37.71388888888889,32.49722222222223,2023-07-20 08:45:00,2023-07-20 20:30:00,5.2166666666666615,33.976574074074065
155,45,24,12.0,37.71388888888889,33.3261111111111,2023-07-21 08:45:00,2023-07-21 20:30:00,4.387777777777785,34.478541666666665
156,45,25,12.0,37.71388888888889,34.16277777777778,2023-07-22 08:45:00,2023-07-22 20:30:00,3.551111111111112,35.603113425925926
157,45,26,12.0,37.71388888888889,34.79611111111111,2023-07-23 08:45:00,2023-07-23 20:30:00,2.917777777777779,35.76866898148148
158,45,27,12.0,37.71388888888889,34.79611111111111,2023-07-24 08:45:00,2023-07-24 20:30:00,2.917777777777779,35.881087962962965
159,45,28,12.0,37.71388888888889,35.114999999999995,2023-07-25 08:45:00,2023-07-25 20:30:00,2.5988888888888937,36.35398148148148
160,45,29,12.0,37.71388888888889,35.435,2023-07-26 08:45:00,2023-07-26 20:30:00,2.2788888888888863,36.60846064814814
161,45,30,12.0,37.71388888888889,35.22222222222222,2023-07-27 08:45:00,2023-07-27 20:30:00,2.491666666666667,36.179467592592594
162,45,31,12.0,37.71388888888889,35.54222222222222,2023-07-28 08:45:00,2023-07-28 20:30:00,2.171666666666667,36.57824074074075
163,45,32,12.0,37.71388888888889,35.54222222222222,2023-07-29 08:45:00,2023-07-29 20:30:00,2.171666666666667,36.61549768518518
164,45,33,12.0,37.71388888888889,36.18722222222223,2023-07-30 08:45:00,2023-07-30 20:30:00,1.5266666666666566,36.775671296296295
165,45,34,12.0,37.71388888888889,35.54222222222222,2023-07-31 08:45:00,2023-07-31 20:30:00,2.171666666666667,36.41696759259259
166,46,1,3.75,27.862222222222226,26.195,2023-07-01 08:00:00,2023-07-01 11:30:00,1.6672222222222253,26.964888888888897
167,46,2,1.25,26.78111111111112,26.39,2023-07-02 08:00:00,2023-07-02 09:00:00,0.39111111111111896,26.585333333333335
168,46,3,1.0,26.87888888888889,26.87888888888889,2023-07-26 08:00:00,2023-07-26 08:00:00,0.0,26.87888888888889
169,48,1,2.0,27.76388888888889,26.292222222222215,2023-07-01 11:15:00,2023-07-01 13:00:00,1.4716666666666747,27.05152777777778
170,48,2,1.75,27.567222222222217,26.487777777777776,2023-07-02 11:00:00,2023-07-02 12:30:00,1.0794444444444409,27.075714285714284
171,48,3,1.75,27.76388888888889,26.487777777777776,2023-07-03 11:15:00,2023-07-03 12:45:00,1.2761111111111134,27.188174603174602
172,48,4,3.0,29.15222222222222,26.487777777777776,2023-07-03 15:00:00,2023-07-03 17:45:00,2.6644444444444453,28.095601851851857
173,48,5,2.75,28.15888888888889,26.292222222222215,2023-07-04 11:00:00,2023-07-04 13:30:00,1.8666666666666742,27.29939393939394
174,48,6,2.25,27.665,26.195,2023-07-05 09:45:00,2023-07-05 11:45:00,1.4699999999999989,26.945123456790125
175,48,7,3.0,29.05277777777778,26.39,2023-07-05 15:00:00,2023-07-05 17:45:00,2.66277777777778,27.963657407407407
176,48,8,2.25,27.96111111111111,26.39,2023-07-06 10:45:00,2023-07-06 12:45:00,1.571111111111108,27.20685185185185
177,48,9,3.0,29.352222222222224,26.585,2023-07-06 15:00:00,2023-07-06 17:45:00,2.767222222222223,28.21115740740741
178,48,10,2.0,27.665,26.39,2023-07-07 11:00:00,2023-07-07 12:45:00,1.2749999999999986,27.075763888888893
179,48,11,3.75,29.352222222222224,25.90222222222222,2023-07-07 15:00:00,2023-07-07 18:30:00,3.450000000000003,27.978333333333342
180,48,12,2.25,27.862222222222226,26.292222222222215,2023-07-08 10:45:00,2023-07-08 12:45:00,1.570000000000011,27.13037037037037
181,48,13,2.5,28.15888888888889,26.39,2023-07-09 11:15:00,2023-07-09 13:30:00,1.7688888888888883,27.380833333333342
182,48,14,1.5,27.567222222222217,26.39,2023-07-10 11:15:00,2023-07-10 12:30:00,1.1772222222222162,27.026666666666664
183,48,15,3.5,29.15222222222222,26.0,2023-07-10 15:00:00,2023-07-10 18:15:00,3.152222222222221,27.915317460317464
184,48,16,1.5,27.665,26.682777777777776,2023-07-11 11:00:00,2023-07-11 12:15:00,0.982222222222223,27.23916666666667
185,48,17,3.0,29.25222222222222,26.487777777777776,2023-07-11 15:00:00,2023-07-11 17:45:00,2.764444444444443,28.087685185185187
186,48,18,3.25,29.25222222222222,26.292222222222215,2023-07-12 15:00:00,2023-07-12 18:00:00,2.9600000000000044,28.063076923076924
187,48,19,1.0,27.272222222222226,26.487777777777776,2023-07-13 11:15:00,2023-07-13 12:00:00,0.7844444444444498,26.928472222222222
188,48,20,3.25,29.25222222222222,26.292222222222215,2023-07-13 15:00:00,2023-07-13 18:00:00,2.9600000000000044,28.078290598290607
189,48,21,1.75,27.76388888888889,26.487777777777776,2023-07-14 10:15:00,2023-07-14 11:45:00,1.2761111111111134,27.173968253968255
190,48,22,3.25,29.25222222222222,26.195,2023-07-14 15:00:00,2023-07-14 18:00:00,3.0572222222222187,28.0024358974359
191,48,23,1.25,27.665,26.585,2023-07-15 11:00:00,2023-07-15 12:00:00,1.0799999999999983,27.173555555555556
192,48,24,1.25,27.567222222222217,26.585,2023-07-16 11:45:00,2023-07-16 12:45:00,0.9822222222222159,27.11477777777778
193,48,25,1.25,27.76388888888889,26.78111111111112,2023-07-17 11:15:00,2023-07-17 12:15:00,0.9827777777777698,27.29188888888888
194,48,26,3.0,29.352222222222224,26.39,2023-07-17 15:00:00,2023-07-17 17:45:00,2.9622222222222234,28.129305555555554
195,48,27,1.25,27.567222222222217,26.585,2023-07-18 11:00:00,2023-07-18 12:00:00,0.9822222222222159,27.11477777777778
196,48,28,2.75,29.25222222222222,26.39,2023-07-18 15:00:00,2023-07-18 17:30:00,2.8622222222222184,28.135101010101007
197,48,29,1.0,27.567222222222217,26.78111111111112,2023-07-19 11:45:00,2023-07-19 12:30:00,0.7861111111110972,27.19833333333333
198,48,30,2.75,29.352222222222224,26.487777777777776,2023-07-19 15:00:00,2023-07-19 17:30:00,2.864444444444448,28.161868686868686
199,48,31,1.5,27.665,26.39,2023-07-20 10:45:00,2023-07-20 12:00:00,1.2749999999999986,27.07583333333333
200,48,32,3.0,29.352222222222224,26.487777777777776,2023-07-20 15:00:00,2023-07-20 17:45:00,2.864444444444448,28.186666666666667
201,48,33,2.5,28.357222222222227,26.487777777777776,2023-07-21 10:45:00,2023-07-21 13:00:00,1.8694444444444507,27.489111111111114
202,48,34,2.5,29.352222222222224,26.87888888888889,2023-07-21 15:00:00,2023-07-21 17:15:00,2.4733333333333327,28.28011111111112
203,48,35,1.5,27.665,26.585,2023-07-22 10:45:00,2023-07-22 12:00:00,1.0799999999999983,27.12444444444445
204,48,36,1.75,27.665,26.39,2023-07-23 11:15:00,2023-07-23 12:45:00,1.2749999999999986,27.10365079365079
205,48,37,1.0,28.75388888888889,28.059999999999995,2023-07-23 15:15:00,2023-07-23 16:00:00,0.6938888888888961,28.456527777777776
206,48,38,1.5,27.665,26.487777777777776,2023-07-24 10:45:00,2023-07-24 12:00:00,1.1772222222222233,27.09212962962963
207,48,39,3.0,29.352222222222224,26.39,2023-07-24 15:00:00,2023-07-24 17:45:00,2.9622222222222234,28.178935185185182
208,48,40,1.75,27.76388888888889,26.487777777777776,2023-07-25 10:00:00,2023-07-25 11:30:00,1.2761111111111134,27.11801587301587
209,48,41,2.75,29.25222222222222,26.487777777777776,2023-07-25 15:00:00,2023-07-25 17:30:00,2.764444444444443,28.107878787878786
210,48,42,1.25,27.665,26.682777777777776,2023-07-26 11:00:00,2023-07-26 12:00:00,0.982222222222223,27.153888888888886
211,48,43,2.75,29.25222222222222,26.39,2023-07-26 15:00:00,2023-07-26 17:30:00,2.8622222222222184,28.08090909090908
212,48,44,1.75,27.665,26.487777777777776,2023-07-27 10:45:00,2023-07-27 12:15:00,1.1772222222222233,27.089682539682546
213,48,45,3.0,29.05277777777778,26.195,2023-07-27 15:00:00,2023-07-27 17:45:00,2.8577777777777804,27.85708333333333
214,48,46,1.25,27.172777777777775,26.39,2023-07-28 11:00:00,2023-07-28 12:00:00,0.782777777777774,26.800777777777782
215,48,47,3.0,28.952777777777776,26.0,2023-07-28 15:00:00,2023-07-28 17:45:00,2.9527777777777757,27.73398148148149
216,48,48,1.75,27.665,26.292222222222215,2023-07-29 11:00:00,2023-07-29 12:30:00,1.3727777777777845,27.047698412698413
217,48,49,1.25,27.665,26.78111111111112,2023-07-30 11:15:00,2023-07-30 12:15:00,0.8838888888888796,27.19322222222222
218,48,50,1.25,27.075000000000003,26.292222222222215,2023-07-31 10:45:00,2023-07-31 11:45:00,0.7827777777777882,26.742111111111104
219,48,51,3.0,28.555,25.90222222222222,2023-07-31 15:00:00,2023-07-31 17:45:00,2.6527777777777786,27.454212962962966
220,54,1,1.0,30.255000000000003,29.352222222222224,2023-07-01 08:45:00,2023-07-01 09:30:00,0.9027777777777786,29.853333333333335
221,54,2,1.0,32.91111111111111,32.91111111111111,2023-07-02 08:30:00,2023-07-02 08:30:00,0.0,32.91111111111111
222,54,3,1.0,33.742777777777775,33.117777777777775,2023-07-02 09:00:00,2023-07-02 09:45:00,0.625,33.430416666666666
223,54,4,1.0,34.16277777777778,33.742777777777775,2023-07-03 08:45:00,2023-07-03 09:30:00,0.4200000000000017,33.92652777777778
224,54,5,1.0,33.742777777777775,33.3261111111111,2023-07-05 08:00:00,2023-07-05 08:45:00,0.4166666666666714,33.482499999999995
225,54,6,1.25,23.387777777777774,23.003888888888884,2023-07-24 13:30:00,2023-07-24 14:30:00,0.3838888888888903,23.176777777777776
226,56,1,1.75,28.456111111111117,27.862222222222226,2023-07-14 17:15:00,2023-07-14 18:45:00,0.5938888888888911,28.229761904761908
227,61,1,1.0,28.952777777777776,28.456111111111117,2023-07-25 11:30:00,2023-07-25 12:15:00,0.49666666666665904,28.704444444444448
228,62,1,1.0,26.97722222222222,26.585,2023-07-01 11:00:00,2023-07-01 11:45:00,0.3922222222222196,26.805555555555557
229,62,2,1.25,27.075000000000003,26.585,2023-07-04 10:15:00,2023-07-04 11:15:00,0.490000000000002,26.839777777777776
230,62,3,1.75,26.87888888888889,25.90222222222222,2023-07-05 09:00:00,2023-07-05 10:30:00,0.9766666666666701,26.432063492063488
231,62,4,1.75,27.075000000000003,26.195,2023-07-06 09:45:00,2023-07-06 11:15:00,0.8800000000000026,26.65555555555556
232,62,5,1.5,26.97722222222222,26.097222222222214,2023-07-07 09:30:00,2023-07-07 10:45:00,0.8800000000000061,26.585555555555555
233,62,6,1.25,26.97722222222222,26.39,2023-07-08 10:45:00,2023-07-08 11:45:00,0.5872222222222199,26.722444444444438
234,62,7,1.5,26.87888888888889,26.195,2023-07-10 09:30:00,2023-07-10 10:45:00,0.683888888888891,26.569259259259262
235,62,8,1.5,27.075000000000003,26.195,2023-07-12 10:00:00,2023-07-12 11:15:00,0.8800000000000026,26.68342592592593
236,62,9,1.75,26.97722222222222,26.0,2023-07-13 09:45:00,2023-07-13 11:15:00,0.9772222222222204,26.47404761904762
237,62,10,1.0,26.87888888888889,26.39,2023-07-14 09:45:00,2023-07-14 10:30:00,0.4888888888888907,26.658749999999998
238,62,11,1.25,26.87888888888889,26.195,2023-07-18 09:45:00,2023-07-18 10:45:00,0.683888888888891,26.566
239,62,12,1.0,26.78111111111112,26.097222222222214,2023-07-19 09:30:00,2023-07-19 10:15:00,0.6838888888889052,26.463333333333335
240,62,13,1.0,26.78111111111112,26.195,2023-07-20 09:30:00,2023-07-20 10:15:00,0.5861111111111192,26.512222222222228
241,62,14,1.25,27.075000000000003,26.487777777777776,2023-07-21 10:00:00,2023-07-21 11:00:00,0.587222222222227,26.80077777777778
242,62,15,1.0,26.87888888888889,26.195,2023-07-24 09:30:00,2023-07-24 10:15:00,0.683888888888891,26.53666666666666
243,62,16,1.25,27.075000000000003,26.39,2023-07-25 10:00:00,2023-07-25 11:00:00,0.6850000000000023,26.76166666666667
244,62,17,1.25,27.172777777777775,26.487777777777776,2023-07-26 10:00:00,2023-07-26 11:00:00,0.6849999999999987,26.85944444444445
245,62,18,1.0,27.665,27.272222222222226,2023-07-26 11:30:00,2023-07-26 12:15:00,0.39277777777777345,27.493055555555546
246,62,19,1.25,27.075000000000003,26.39,2023-07-27 10:15:00,2023-07-27 11:15:00,0.6850000000000023,26.76166666666667
247,62,20,1.75,27.172777777777775,26.097222222222214,2023-07-28 09:45:00,2023-07-28 11:15:00,1.0755555555555603,26.65555555555555
248,62,21,1.5,27.172777777777775,26.487777777777776,2023-07-31 10:15:00,2023-07-31 11:30:00,0.6849999999999987,26.862777777777776
249,70,1,1.25,28.852777777777774,28.357222222222227,2023-07-12 08:00:00,2023-07-12 09:00:00,0.49555555555554776,28.654555555555564
250,70,2,8.25,33.013888888888886,29.65222222222222,2023-07-12 09:45:00,2023-07-12 17:45:00,3.3616666666666646,31.581683501683504
251,70,3,1.0,32.91111111111111,32.6,2023-07-13 09:15:00,2023-07-13 10:00:00,0.31111111111111,32.72958333333334
252,70,4,1.0,34.37388888888889,34.16277777777778,2023-07-13 14:45:00,2023-07-13 15:30:00,0.2111111111111157,34.268055555555556
253,75,1,1.0,25.90222222222222,25.90222222222222,2023-07-02 08:00:00,2023-07-02 08:00:00,0.0,25.90222222222222
254,75,2,3.75,28.15888888888889,26.292222222222215,2023-07-29 09:00:00,2023-07-29 12:30:00,1.8666666666666742,27.285814814814817
257,80,1,1.0,26.0,25.02777777777778,2023-07-11 09:15:00,2023-07-11 10:00:00,0.9722222222222214,25.56222222222222
258,82,1,1.0,26.97722222222222,26.682777777777776,2023-07-02 08:15:00,2023-07-02 09:00:00,0.2944444444444443,26.830000000000005
259,82,2,3.0,28.15888888888889,26.0,2023-07-03 15:00:00,2023-07-03 17:45:00,2.158888888888889,27.240601851851853
260,82,3,3.0,27.96111111111111,25.70777777777778,2023-07-05 15:00:00,2023-07-05 17:45:00,2.2533333333333303,26.99513888888889
261,82,4,3.0,28.25777777777778,26.0,2023-07-06 15:00:00,2023-07-06 17:45:00,2.257777777777779,27.28967592592593
262,82,5,1.0,26.78111111111112,26.78111111111112,2023-07-07 08:00:00,2023-07-07 08:00:00,0.0,26.781111111111116
263,82,6,3.0,28.059999999999995,25.70777777777778,2023-07-07 15:00:00,2023-07-07 17:45:00,2.352222222222217,27.052314814814817
264,82,7,3.0,27.862222222222226,25.70777777777778,2023-07-10 15:00:00,2023-07-10 17:45:00,2.1544444444444473,26.97037037037037
265,82,8,3.0,28.15888888888889,25.70777777777778,2023-07-11 15:00:00,2023-07-11 17:45:00,2.4511111111111106,27.134398148148154
266,82,9,3.0,28.25777777777778,25.90222222222222,2023-07-12 15:00:00,2023-07-12 17:45:00,2.355555555555558,27.265092592592605
267,82,10,3.0,28.456111111111117,25.90222222222222,2023-07-13 15:00:00,2023-07-13 17:45:00,2.5538888888888955,27.404907407407418
268,82,11,3.0,28.15888888888889,25.61,2023-07-14 15:00:00,2023-07-14 17:45:00,2.5488888888888894,27.069027777777784
269,82,12,3.0,28.357222222222227,25.90222222222222,2023-07-17 15:00:00,2023-07-17 17:45:00,2.4550000000000054,27.28194444444445
270,82,13,3.0,28.456111111111117,25.805,2023-07-18 15:00:00,2023-07-18 17:45:00,2.651111111111117,27.339629629629638
271,82,14,3.0,28.15888888888889,25.61,2023-07-19 15:00:00,2023-07-19 17:45:00,2.5488888888888894,27.061018518518527
272,82,15,3.0,28.456111111111117,25.90222222222222,2023-07-20 15:00:00,2023-07-20 17:45:00,2.5538888888888955,27.355694444444445
273,82,16,3.0,28.059999999999995,25.512777777777774,2023-07-21 15:00:00,2023-07-21 17:45:00,2.5472222222222207,27.01189814814815
274,82,17,1.0,26.39,26.39,2023-07-22 08:15:00,2023-07-22 08:15:00,0.0,26.39
275,82,18,3.0,28.25777777777778,25.805,2023-07-24 15:00:00,2023-07-24 17:45:00,2.4527777777777793,27.191712962962967
276,82,19,3.0,28.25777777777778,25.61,2023-07-25 15:00:00,2023-07-25 17:45:00,2.6477777777777796,27.110092592592608
277,82,20,3.0,28.25777777777778,25.70777777777778,2023-07-26 15:00:00,2023-07-26 17:45:00,2.5500000000000007,27.175509259259265
278,82,21,3.0,28.059999999999995,25.70777777777778,2023-07-27 15:00:00,2023-07-27 17:45:00,2.352222222222217,27.076990740740744
279,82,22,3.0,28.059999999999995,25.61,2023-07-28 15:00:00,2023-07-28 17:45:00,2.4499999999999957,27.011712962962967
280,82,23,3.0,27.76388888888889,25.512777777777774,2023-07-31 15:00:00,2023-07-31 17:45:00,2.251111111111115,26.798981481481476
281,85,1,1.0,27.075000000000003,27.075000000000003,2023-07-12 08:30:00,2023-07-12 08:30:00,0.0,27.075000000000003
282,85,2,1.0,27.172777777777775,27.172777777777775,2023-07-21 08:00:00,2023-07-21 08:00:00,0.0,27.172777777777778
283,85,3,1.0,26.97722222222222,26.78111111111112,2023-07-27 08:00:00,2023-07-27 08:15:00,0.1961111111111009,26.879166666666663
284,85,4,1.0,27.272222222222226,26.585,2023-07-29 08:15:00,2023-07-29 09:00:00,0.6872222222222248,26.952777777777786
285,87,1,4.5,28.059999999999995,26.292222222222215,2023-07-31 08:30:00,2023-07-31 12:45:00,1.7677777777777806,27.16345679012346
286,88,1,1.0,26.487777777777776,26.487777777777776,2023-07-01 08:15:00,2023-07-01 08:15:00,0.0,26.487777777777776
287,88,2,1.0,26.097222222222214,26.097222222222214,2023-07-08 08:00:00,2023-07-08 08:00:00,0.0,26.097222222222218
288,88,3,1.0,26.78111111111112,26.195,2023-07-24 08:45:00,2023-07-24 09:30:00,0.5861111111111192,26.487777777777776
289,88,4,1.0,26.87888888888889,26.292222222222215,2023-07-25 08:15:00,2023-07-25 09:00:00,0.5866666666666767,26.58541666666666
290,88,5,1.0,26.97722222222222,26.487777777777776,2023-07-26 08:30:00,2023-07-26 09:15:00,0.48944444444444457,26.73222222222222
291,88,6,1.5,26.97722222222222,26.0,2023-07-27 08:30:00,2023-07-27 09:45:00,0.9772222222222204,26.43925925925926
292,88,7,2.25,27.075000000000003,25.70777777777778,2023-07-28 08:30:00,2023-07-28 10:30:00,1.3672222222222246,26.336234567901233
293,88,8,1.75,26.78111111111112,25.90222222222222,2023-07-31 08:15:00,2023-07-31 09:45:00,0.8788888888888984,26.306507936507934
294,89,1,1.0,26.39,26.39,2023-07-10 08:30:00,2023-07-10 08:30:00,0.0,26.39
295,89,2,3.25,28.852777777777774,25.90222222222222,2023-07-11 08:15:00,2023-07-11 11:15:00,2.950555555555553,27.478974358974362
296,89,3,1.0,26.097222222222214,26.097222222222214,2023-07-18 08:30:00,2023-07-18 08:30:00,0.0,26.097222222222218
297,89,4,1.25,26.78111111111112,25.512777777777774,2023-07-31 11:00:00,2023-07-31 12:00:00,1.268333333333345,26.17577777777778
298,90,1,1.25,25.222222222222225,24.545,2023-07-03 09:00:00,2023-07-03 10:00:00,0.6772222222222233,24.87355555555555
299,90,2,5.75,28.852777777777774,24.737777777777783,2023-07-03 12:45:00,2023-07-03 18:15:00,4.114999999999991,27.293647342995175
300,90,3,1.25,26.39,24.737777777777783,2023-07-04 18:15:00,2023-07-04 19:15:00,1.6522222222222176,25.669777777777774
301,90,4,9.0,29.352222222222224,25.31888888888889,2023-07-05 09:00:00,2023-07-05 17:45:00,4.033333333333335,27.49780864197531
302,90,5,8.75,29.452222222222225,23.86888888888889,2023-07-06 09:30:00,2023-07-06 18:00:00,5.583333333333336,27.201349206349207
303,90,6,7.5,28.952777777777776,24.447777777777777,2023-07-07 11:30:00,2023-07-07 18:45:00,4.504999999999999,27.09085185185185
304,90,7,3.25,26.195,23.86888888888889,2023-07-08 09:30:00,2023-07-08 12:30:00,2.3261111111111106,25.216025641025638
305,90,8,3.25,26.292222222222215,24.06222222222222,2023-07-09 09:15:00,2023-07-09 12:15:00,2.2299999999999933,25.27551282051282
306,90,9,9.25,29.15222222222222,25.31888888888889,2023-07-10 08:45:00,2023-07-10 17:45:00,3.833333333333332,27.411546546546543
307,90,10,9.5,29.352222222222224,24.545,2023-07-11 08:30:00,2023-07-11 17:45:00,4.807222222222222,27.38200292397661
308,90,11,8.75,29.352222222222224,24.64111111111111,2023-07-12 08:45:00,2023-07-12 17:15:00,4.711111111111116,27.356777777777776
309,90,12,8.25,29.452222222222225,24.64111111111111,2023-07-13 09:00:00,2023-07-13 17:00:00,4.811111111111117,27.40952861952862
310,90,13,8.25,29.452222222222225,24.64111111111111,2023-07-14 09:00:00,2023-07-14 17:00:00,4.811111111111117,27.474915824915833
311,90,14,3.0,27.862222222222226,24.931111111111115,2023-07-17 17:30:00,2023-07-17 20:15:00,2.931111111111111,26.56305555555555
312,90,15,8.25,29.352222222222224,24.545,2023-07-18 08:15:00,2023-07-18 16:15:00,4.807222222222222,27.215841750841758
313,90,16,6.5,29.352222222222224,24.931111111111115,2023-07-19 10:30:00,2023-07-19 16:45:00,4.421111111111109,27.466410256410256
314,90,17,6.5,29.452222222222225,24.835,2023-07-20 09:15:00,2023-07-20 15:30:00,4.617222222222225,27.48190170940171
315,90,18,6.25,28.555,23.86888888888889,2023-07-21 14:45:00,2023-07-21 20:45:00,4.68611111111111,26.9916
316,90,19,1.0,25.416111111111107,24.255000000000003,2023-07-23 13:30:00,2023-07-23 14:15:00,1.1611111111111043,24.883472222222224
317,90,20,7.0,28.852777777777774,24.545,2023-07-24 10:45:00,2023-07-24 17:30:00,4.307777777777773,27.077142857142857
318,90,21,8.75,29.352222222222224,24.06222222222222,2023-07-25 08:30:00,2023-07-25 17:00:00,5.290000000000003,27.082809523809523
319,90,22,7.75,29.352222222222224,24.255000000000003,2023-07-26 10:15:00,2023-07-26 17:45:00,5.097222222222221,27.32974910394265
320,90,23,8.5,29.05277777777778,24.06222222222222,2023-07-27 10:00:00,2023-07-27 18:15:00,4.990555555555559,27.038856209150335
321,90,24,8.75,29.352222222222224,24.15777777777777,2023-07-28 09:45:00,2023-07-28 18:15:00,5.1944444444444535,27.11430158730158
322,90,25,1.25,26.195,24.64111111111111,2023-07-29 16:00:00,2023-07-29 17:00:00,1.553888888888892,25.436444444444444
323,90,26,8.75,28.75388888888889,24.255000000000003,2023-07-31 09:15:00,2023-07-31 17:45:00,4.498888888888889,26.755777777777773
324,91,1,2.75,27.76388888888889,25.416111111111107,2023-07-03 15:15:00,2023-07-03 17:45:00,2.3477777777777824,26.70272727272727
325,91,2,2.75,27.567222222222217,25.512777777777774,2023-07-04 15:15:00,2023-07-04 17:45:00,2.0544444444444423,26.631060606060608
326,91,3,2.75,27.370000000000005,25.31888888888889,2023-07-05 15:15:00,2023-07-05 17:45:00,2.0511111111111155,26.426565656565657
327,91,4,2.75,27.567222222222217,25.512777777777774,2023-07-06 15:15:00,2023-07-06 17:45:00,2.0544444444444423,26.702323232323224
328,91,5,2.75,27.567222222222217,25.31888888888889,2023-07-07 15:15:00,2023-07-07 17:45:00,2.2483333333333277,26.587070707070705
329,91,6,2.75,27.370000000000005,25.125,2023-07-10 15:15:00,2023-07-10 17:45:00,2.2450000000000045,26.418080808080806
330,91,7,2.75,27.96111111111111,25.90222222222222,2023-07-11 15:15:00,2023-07-11 17:45:00,2.0588888888888874,27.05888888888889
331,91,8,2.75,27.665,25.222222222222225,2023-07-12 15:15:00,2023-07-12 17:45:00,2.442777777777774,26.560505050505054
332,91,9,2.75,28.456111111111117,26.0,2023-07-13 15:15:00,2023-07-13 17:45:00,2.4561111111111167,27.434646464646463
333,91,10,2.75,28.059999999999995,25.70777777777778,2023-07-14 15:15:00,2023-07-14 17:45:00,2.352222222222217,27.00575757575759
334,91,11,2.75,27.96111111111111,25.61,2023-07-17 15:15:00,2023-07-17 17:45:00,2.351111111111109,26.85409090909091
335,91,12,2.75,28.357222222222227,26.0,2023-07-18 15:15:00,2023-07-18 17:45:00,2.3572222222222265,27.33606060606061
336,91,13,2.75,28.357222222222227,26.0,2023-07-19 15:15:00,2023-07-19 17:45:00,2.3572222222222265,27.28237373737374
337,91,14,2.75,28.15888888888889,25.90222222222222,2023-07-20 15:15:00,2023-07-20 17:45:00,2.2566666666666677,27.201767676767687
338,91,15,2.75,27.862222222222226,25.61,2023-07-21 15:15:00,2023-07-21 17:45:00,2.252222222222226,26.907424242424245
339,91,16,2.75,28.25777777777778,25.90222222222222,2023-07-24 15:15:00,2023-07-24 17:45:00,2.355555555555558,27.21075757575758
340,91,17,2.75,28.15888888888889,25.805,2023-07-25 15:15:00,2023-07-25 17:45:00,2.353888888888889,27.05914141414142
341,91,18,2.75,28.357222222222227,25.90222222222222,2023-07-26 15:15:00,2023-07-26 17:45:00,2.4550000000000054,27.318282828282836
342,91,19,2.75,27.665,25.416111111111107,2023-07-27 15:15:00,2023-07-27 17:45:00,2.2488888888888923,26.63141414141414
343,91,20,2.75,27.665,25.512777777777774,2023-07-28 15:15:00,2023-07-28 17:45:00,2.1522222222222247,26.720303030303025
344,91,21,2.75,27.370000000000005,24.931111111111115,2023-07-31 15:15:00,2023-07-31 17:45:00,2.43888888888889,26.285050505050492
345,93,1,1.0,25.805,25.805,2023-07-01 08:00:00,2023-07-01 08:00:00,0.0,25.805
346,93,2,1.0,26.292222222222215,25.61,2023-07-18 09:00:00,2023-07-18 09:45:00,0.6822222222222152,25.97541666666666
347,94,1,3.25,26.585,25.416111111111107,2023-07-01 08:00:00,2023-07-01 11:00:00,1.168888888888894,26.000085470085462
348,94,2,1.25,26.0,25.416111111111107,2023-07-02 08:15:00,2023-07-02 09:15:00,0.5838888888888931,25.72722222222222
349,94,3,1.25,26.097222222222214,25.416111111111107,2023-07-03 08:30:00,2023-07-03 09:30:00,0.6811111111111074,25.78566666666667
350,94,4,2.75,27.665,24.931111111111115,2023-07-03 15:00:00,2023-07-03 17:30:00,2.7338888888888846,26.552070707070705
351,94,5,1.5,26.097222222222214,25.31888888888889,2023-07-04 08:00:00,2023-07-04 09:15:00,0.7783333333333253,25.740277777777774
352,94,6,2.75,27.76388888888889,24.931111111111115,2023-07-04 15:00:00,2023-07-04 17:30:00,2.8327777777777747,26.587929292929296
353,94,7,1.0,26.097222222222214,25.416111111111107,2023-07-05 09:15:00,2023-07-05 10:00:00,0.6811111111111074,25.780833333333327
354,94,8,2.75,27.272222222222226,24.835,2023-07-05 15:00:00,2023-07-05 17:30:00,2.437222222222225,26.2940909090909
355,94,9,1.0,26.0,25.512777777777774,2023-07-06 08:45:00,2023-07-06 09:30:00,0.48722222222222555,25.731944444444448
356,94,10,2.75,27.665,24.737777777777783,2023-07-06 15:00:00,2023-07-06 17:30:00,2.927222222222216,26.463737373737374
357,94,11,1.0,26.097222222222214,25.61,2023-07-07 09:00:00,2023-07-07 09:45:00,0.4872222222222149,25.853611111111107
358,94,12,2.75,27.567222222222217,24.835,2023-07-07 15:00:00,2023-07-07 17:30:00,2.732222222222216,26.39232323232323
359,94,13,2.5,26.585,25.31888888888889,2023-07-08 08:15:00,2023-07-08 10:30:00,1.2661111111111119,26.009944444444443
360,94,14,1.0,26.097222222222214,25.512777777777774,2023-07-09 09:15:00,2023-07-09 10:00:00,0.5844444444444399,25.805
361,94,15,2.75,27.76388888888889,24.64111111111111,2023-07-10 15:00:00,2023-07-10 17:30:00,3.122777777777781,26.374898989898995
362,94,16,2.75,28.059999999999995,25.02777777777778,2023-07-11 15:00:00,2023-07-11 17:30:00,3.0322222222222166,26.774949494949503
363,94,17,2.75,27.76388888888889,24.835,2023-07-12 15:00:00,2023-07-12 17:30:00,2.9288888888888884,26.597171717171722
364,94,18,2.75,28.059999999999995,25.125,2023-07-13 15:00:00,2023-07-13 17:30:00,2.934999999999995,26.944444444444443
365,94,19,1.75,28.75388888888889,27.76388888888889,2023-07-13 18:15:00,2023-07-13 19:45:00,0.990000000000002,28.329126984126987
366,94,20,1.0,27.075000000000003,26.585,2023-07-14 09:00:00,2023-07-14 09:45:00,0.490000000000002,26.854583333333338
367,94,21,3.25,29.452222222222225,27.075000000000003,2023-07-14 14:45:00,2023-07-14 17:45:00,2.3772222222222226,28.45064102564102
368,94,22,1.0,27.075000000000003,26.585,2023-07-15 08:00:00,2023-07-15 08:45:00,0.490000000000002,26.854583333333338
369,94,23,3.25,29.75222222222222,27.272222222222226,2023-07-15 14:45:00,2023-07-15 17:45:00,2.4799999999999933,28.725769230769238
370,94,24,2.75,28.25777777777778,25.31888888888889,2023-07-17 15:00:00,2023-07-17 17:30:00,2.93888888888889,27.02424242424242
371,94,25,2.75,28.15888888888889,25.31888888888889,2023-07-18 15:00:00,2023-07-18 17:30:00,2.84,26.97979797979798
372,94,26,2.75,28.456111111111117,25.31888888888889,2023-07-19 15:00:00,2023-07-19 17:30:00,3.1372222222222277,27.203383838383836
373,94,27,2.75,28.059999999999995,25.222222222222225,2023-07-20 15:00:00,2023-07-20 17:30:00,2.83777777777777,26.85484848484849
374,94,28,2.75,28.15888888888889,25.222222222222225,2023-07-21 15:00:00,2023-07-21 17:30:00,2.936666666666664,26.9710101010101
375,94,29,1.5,26.585,25.61,2023-07-22 08:45:00,2023-07-22 10:00:00,0.9750000000000014,26.12990740740741
376,94,30,2.75,28.25777777777778,25.416111111111107,2023-07-24 15:00:00,2023-07-24 17:30:00,2.841666666666672,27.113535353535358
377,94,31,2.75,28.25777777777778,25.222222222222225,2023-07-25 15:00:00,2023-07-25 17:30:00,3.035555555555554,26.99782828282828
378,94,32,2.75,28.555,25.512777777777774,2023-07-26 15:00:00,2023-07-26 17:30:00,3.0422222222222253,27.31944444444445
379,94,33,1.0,26.097222222222214,25.416111111111107,2023-07-27 08:45:00,2023-07-27 09:30:00,0.6811111111111074,25.780833333333327
380,94,34,2.75,27.96111111111111,24.835,2023-07-27 15:00:00,2023-07-27 17:30:00,3.1261111111111077,26.632979797979797
381,94,35,1.25,26.097222222222214,25.512777777777774,2023-07-28 08:45:00,2023-07-28 09:45:00,0.5844444444444399,25.805
382,94,36,2.75,28.15888888888889,25.222222222222225,2023-07-28 15:00:00,2023-07-28 17:30:00,2.936666666666664,26.95318181818183
383,94,37,1.5,26.682777777777776,25.512777777777774,2023-07-29 08:45:00,2023-07-29 10:00:00,1.1700000000000017,26.146296296296295
384,94,38,1.0,26.78111111111112,25.70777777777778,2023-07-30 13:00:00,2023-07-30 13:45:00,1.0733333333333412,26.244027777777777
385,94,39,1.25,26.0,25.416111111111107,2023-07-31 08:30:00,2023-07-31 09:30:00,0.5838888888888931,25.746666666666663
386,94,40,2.75,27.467777777777776,24.545,2023-07-31 15:00:00,2023-07-31 17:30:00,2.9227777777777746,26.25035353535354
387,95,1,1.0,27.272222222222226,26.97722222222222,2023-07-06 10:00:00,2023-07-06 10:45:00,0.29500000000000526,27.12430555555555
388,95,2,4.0,33.535,28.15888888888889,2023-07-15 17:00:00,2023-07-15 20:45:00,5.376111111111108,29.88677083333333
389,95,3,13.0,33.535,30.557777777777783,2023-07-16 08:00:00,2023-07-16 20:45:00,2.9772222222222133,32.06985042735044
390,95,4,1.0,33.535,31.880000000000003,2023-07-17 08:00:00,2023-07-17 08:45:00,1.654999999999994,32.00833333333333
391,96,1,1.0,26.0,26.0,2023-07-01 08:15:00,2023-07-01 08:15:00,0.0,26.0
392,96,2,1.0,27.075000000000003,26.682777777777776,2023-07-05 08:15:00,2023-07-05 09:00:00,0.3922222222222267,26.85444444444445
393,96,3,1.0,26.195,26.0,2023-07-06 08:00:00,2023-07-06 08:45:00,0.19500000000000028,26.073055555555555
394,96,4,1.0,27.665,27.467777777777776,2023-07-26 08:00:00,2023-07-26 08:30:00,0.19722222222222285,27.566666666666663
395,101,1,2.0,28.059999999999995,26.585,2023-07-16 10:30:00,2023-07-16 12:15:00,1.4749999999999943,27.358263888888892
396,101,2,2.5,28.059999999999995,26.87888888888889,2023-07-17 08:30:00,2023-07-17 10:45:00,1.181111111111104,27.439222222222227
397,103,1,1.0,26.195,26.195,2023-07-01 08:15:00,2023-07-01 08:15:00,0.0,26.195
398,103,2,1.0,26.195,25.70777777777778,2023-07-01 09:15:00,2023-07-01 10:00:00,0.487222222222222,25.975555555555555
399,103,3,1.0,26.292222222222215,25.61,2023-07-01 19:30:00,2023-07-01 20:15:00,0.6822222222222152,25.951111111111103
400,103,4,1.0,26.097222222222214,25.61,2023-07-02 08:30:00,2023-07-02 09:15:00,0.4872222222222149,25.853611111111107
401,103,5,1.0,26.195,25.512777777777774,2023-07-02 10:15:00,2023-07-02 11:00:00,0.6822222222222258,25.87819444444445
402,103,6,1.0,26.39,25.61,2023-07-02 19:00:00,2023-07-02 19:45:00,0.7800000000000011,25.999861111111105
403,103,7,1.0,26.195,26.0,2023-07-03 08:15:00,2023-07-03 08:45:00,0.19500000000000028,26.097407407407403
404,103,8,1.0,26.292222222222215,25.70777777777778,2023-07-03 10:00:00,2023-07-03 10:45:00,0.5844444444444363,25.999861111111105
405,103,9,1.0,26.292222222222215,25.512777777777774,2023-07-03 19:45:00,2023-07-03 20:30:00,0.7794444444444402,25.926805555555557
406,103,10,1.0,26.292222222222215,26.0,2023-07-04 08:30:00,2023-07-04 09:00:00,0.2922222222222146,26.162407407407404
407,103,11,1.0,26.195,25.512777777777774,2023-07-04 10:00:00,2023-07-04 10:45:00,0.6822222222222258,25.853888888888893
408,103,12,1.0,26.292222222222215,26.195,2023-07-05 08:45:00,2023-07-05 09:00:00,0.09722222222221433,26.243611111111104
409,103,13,1.0,26.292222222222215,25.512777777777774,2023-07-05 09:45:00,2023-07-05 10:30:00,0.7794444444444402,25.902500000000007
410,103,14,1.25,26.195,25.805,2023-07-06 08:00:00,2023-07-06 09:00:00,0.39000000000000057,26.038888888888884
411,103,15,1.0,26.292222222222215,25.512777777777774,2023-07-06 10:00:00,2023-07-06 10:45:00,0.7794444444444402,25.926805555555557
412,103,16,1.0,26.292222222222215,26.0,2023-07-07 08:30:00,2023-07-07 09:00:00,0.2922222222222146,26.162407407407404
413,103,17,1.0,26.195,25.61,2023-07-07 10:00:00,2023-07-07 10:45:00,0.5850000000000009,25.951111111111103
414,103,18,1.0,26.39,25.805,2023-07-07 12:15:00,2023-07-07 13:00:00,0.5850000000000009,26.0975
415,103,19,1.0,25.70777777777778,24.835,2023-07-08 09:30:00,2023-07-08 10:15:00,0.8727777777777774,25.34361111111111
416,103,20,1.0,26.292222222222215,25.70777777777778,2023-07-09 09:30:00,2023-07-09 10:15:00,0.5844444444444363,25.999861111111105
417,103,21,1.0,26.195,26.097222222222214,2023-07-10 08:00:00,2023-07-10 08:15:00,0.09777777777778596,26.146111111111104
418,103,22,1.25,26.292222222222215,25.512777777777774,2023-07-10 09:15:00,2023-07-10 10:15:00,0.7794444444444402,25.94144444444445
419,103,23,1.0,26.292222222222215,25.512777777777774,2023-07-10 19:00:00,2023-07-10 19:45:00,0.7794444444444402,25.951111111111103
420,103,24,1.25,26.292222222222215,25.61,2023-07-11 08:00:00,2023-07-11 09:00:00,0.6822222222222152,25.960888888888892
421,103,25,1.0,26.195,25.61,2023-07-11 10:00:00,2023-07-11 10:45:00,0.5850000000000009,25.926805555555557
422,103,26,1.0,26.292222222222215,25.61,2023-07-11 19:15:00,2023-07-11 20:00:00,0.6822222222222152,25.97541666666666
423,103,27,1.25,26.195,25.512777777777774,2023-07-12 08:30:00,2023-07-12 09:30:00,0.6822222222222258,25.883
424,103,28,1.25,26.292222222222215,25.416111111111107,2023-07-12 10:45:00,2023-07-12 11:45:00,0.8761111111111077,25.90266666666667
425,103,29,1.0,26.292222222222215,26.195,2023-07-13 08:30:00,2023-07-13 08:45:00,0.09722222222221433,26.243611111111104
426,103,30,1.25,26.195,25.31888888888889,2023-07-13 09:45:00,2023-07-13 10:45:00,0.8761111111111113,25.824666666666662
427,103,31,1.0,26.195,25.61,2023-07-14 08:30:00,2023-07-14 09:15:00,0.5850000000000009,25.926805555555557
428,103,32,1.0,26.292222222222215,25.512777777777774,2023-07-14 10:30:00,2023-07-14 11:15:00,0.7794444444444402,25.926805555555557
429,103,33,1.0,26.195,25.61,2023-07-15 08:00:00,2023-07-15 08:45:00,0.5850000000000009,25.9025
430,103,34,1.25,26.487777777777776,25.512777777777774,2023-07-15 10:00:00,2023-07-15 11:00:00,0.9750000000000014,26.000111111111114
431,103,35,1.0,26.195,26.195,2023-07-16 08:45:00,2023-07-16 08:45:00,0.0,26.195
432,103,36,1.25,26.195,25.416111111111107,2023-07-17 08:00:00,2023-07-17 09:00:00,0.7788888888888934,25.863666666666663
433,103,37,1.0,26.292222222222215,25.70777777777778,2023-07-18 08:45:00,2023-07-18 09:30:00,0.5844444444444363,25.999861111111105
434,103,38,1.0,26.195,25.61,2023-07-19 08:00:00,2023-07-19 08:45:00,0.5850000000000009,25.9025
435,103,39,1.25,26.292222222222215,25.416111111111107,2023-07-20 08:45:00,2023-07-20 09:45:00,0.8761111111111077,25.883111111111106
436,103,40,1.0,26.292222222222215,26.292222222222215,2023-07-21 08:45:00,2023-07-21 08:45:00,0.0,26.292222222222218
437,103,41,1.0,26.292222222222215,25.70777777777778,2023-07-21 10:00:00,2023-07-21 10:45:00,0.5844444444444363,26.048750000000005
438,103,42,1.0,26.292222222222215,25.61,2023-07-21 20:00:00,2023-07-21 20:45:00,0.6822222222222152,25.97541666666666
439,103,43,1.25,26.292222222222215,25.416111111111107,2023-07-22 08:30:00,2023-07-22 09:30:00,0.8761111111111077,25.883111111111106
440,103,44,1.0,26.292222222222215,26.097222222222214,2023-07-23 08:15:00,2023-07-23 08:30:00,0.19500000000000028,26.194722222222218
441,103,45,1.0,26.292222222222215,25.416111111111107,2023-07-23 09:30:00,2023-07-23 10:15:00,0.8761111111111077,25.854027777777777
442,103,46,1.25,26.195,25.416111111111107,2023-07-24 08:45:00,2023-07-24 09:45:00,0.7788888888888934,25.863666666666663
443,103,47,1.0,26.292222222222215,25.61,2023-07-25 09:00:00,2023-07-25 09:45:00,0.6822222222222152,25.951111111111103
444,103,48,1.0,26.292222222222215,26.292222222222215,2023-07-26 08:45:00,2023-07-26 08:45:00,0.0,26.292222222222218
445,103,49,1.0,26.195,26.195,2023-07-27 08:15:00,2023-07-27 08:30:00,0.0,26.195
446,103,50,1.0,26.292222222222215,25.61,2023-07-27 09:45:00,2023-07-27 10:30:00,0.6822222222222152,25.97541666666666
447,103,51,1.0,26.292222222222215,25.61,2023-07-28 09:15:00,2023-07-28 10:00:00,0.6822222222222152,25.97541666666666
448,103,52,1.0,26.39,25.61,2023-07-28 11:15:00,2023-07-28 12:00:00,0.7800000000000011,26.04875
449,103,53,1.25,26.292222222222215,25.512777777777774,2023-07-29 08:30:00,2023-07-29 09:30:00,0.7794444444444402,25.961
450,103,54,1.0,26.292222222222215,25.61,2023-07-29 10:45:00,2023-07-29 11:30:00,0.6822222222222152,25.97541666666666
451,103,55,1.0,26.292222222222215,26.292222222222215,2023-07-30 08:15:00,2023-07-30 08:15:00,0.0,26.292222222222218
452,103,56,1.25,26.292222222222215,25.61,2023-07-30 09:30:00,2023-07-30 10:30:00,0.6822222222222152,25.98044444444444
453,103,57,1.25,26.292222222222215,25.31888888888889,2023-07-30 11:30:00,2023-07-30 12:30:00,0.9733333333333256,25.844111111111104
454,103,58,1.5,26.195,25.416111111111107,2023-07-31 08:00:00,2023-07-31 09:15:00,0.7788888888888934,25.853888888888893
455,103,59,1.25,26.292222222222215,25.416111111111107,2023-07-31 10:15:00,2023-07-31 11:15:00,0.8761111111111077,25.883111111111106
456,103,60,1.0,26.195,25.61,2023-07-31 19:45:00,2023-07-31 20:30:00,0.5850000000000009,25.951111111111103
457,105,1,1.5,26.87888888888889,26.097222222222214,2023-07-01 10:00:00,2023-07-01 11:15:00,0.781666666666677,26.536666666666672
458,105,2,3.0,28.357222222222227,26.487777777777776,2023-07-01 12:45:00,2023-07-01 15:30:00,1.8694444444444507,27.551527777777785
459,105,3,1.5,28.952777777777776,28.456111111111117,2023-07-01 19:30:00,2023-07-01 20:45:00,0.49666666666665904,28.737407407407407
460,105,4,1.0,26.585,26.585,2023-07-02 08:45:00,2023-07-02 08:45:00,0.0,26.584999999999997
461,105,5,5.75,29.15222222222222,26.39,2023-07-02 10:45:00,2023-07-02 16:15:00,2.7622222222222206,27.856376811594192
462,105,6,1.0,26.78111111111112,26.097222222222214,2023-07-03 10:00:00,2023-07-03 10:45:00,0.6838888888889052,26.463333333333335
463,105,7,1.0,27.467777777777776,26.78111111111112,2023-07-03 14:15:00,2023-07-03 15:00:00,0.6866666666666568,27.14902777777778
464,105,8,4.25,29.352222222222224,27.467777777777776,2023-07-03 16:00:00,2023-07-03 20:00:00,1.8844444444444477,28.650065359477125
465,105,9,3.25,27.567222222222217,26.292222222222215,2023-07-04 08:30:00,2023-07-04 11:30:00,1.2750000000000021,26.902179487179485
466,105,10,4.0,29.15222222222222,26.87888888888889,2023-07-04 13:00:00,2023-07-04 16:45:00,2.27333333333333,28.204131944444445
467,105,11,1.75,27.172777777777775,26.195,2023-07-05 10:00:00,2023-07-05 11:30:00,0.9777777777777743,26.697380952380946
468,105,12,3.25,28.952777777777776,27.272222222222226,2023-07-05 13:45:00,2023-07-05 16:45:00,1.68055555555555,28.16752136752136
469,105,13,2.0,29.352222222222224,28.75388888888889,2023-07-05 18:45:00,2023-07-05 20:30:00,0.5983333333333327,29.027708333333333
470,105,14,1.0,26.78111111111112,26.0,2023-07-06 09:45:00,2023-07-06 10:30:00,0.7811111111111195,26.439027777777778
471,105,15,9.0,32.49722222222223,26.78111111111112,2023-07-06 11:15:00,2023-07-06 20:00:00,5.716111111111108,28.901944444444446
472,105,16,12.0,32.49722222222223,29.65222222222222,2023-07-07 08:15:00,2023-07-07 20:00:00,2.845000000000006,30.69108796296295
473,105,17,12.75,32.49722222222223,30.557777777777783,2023-07-08 08:15:00,2023-07-08 20:45:00,1.9394444444444439,31.59430283224401
474,105,18,2.5,28.655,26.682777777777776,2023-07-09 13:15:00,2023-07-09 15:30:00,1.972222222222225,27.76533333333333
475,105,19,12.0,30.86222222222223,26.487777777777776,2023-07-10 08:15:00,2023-07-10 20:00:00,4.374444444444453,29.0988425925926
476,105,20,11.25,31.063888888888894,26.78111111111112,2023-07-11 09:00:00,2023-07-11 20:00:00,4.282777777777774,29.40555555555556
477,105,21,6.0,29.75222222222222,26.97722222222222,2023-07-12 08:45:00,2023-07-12 14:30:00,2.7749999999999986,28.52490740740741
478,105,22,2.0,30.557777777777783,29.75222222222222,2023-07-12 15:45:00,2023-07-12 17:30:00,0.8055555555555642,30.217500000000005
479,105,23,13.0,32.6,26.487777777777776,2023-07-13 08:00:00,2023-07-13 20:45:00,6.1122222222222256,29.248568376068377
480,105,24,13.0,32.6,30.557777777777783,2023-07-14 08:00:00,2023-07-14 20:45:00,2.042222222222218,31.58231837606839
481,105,25,1.0,30.658888888888896,30.658888888888896,2023-07-15 08:30:00,2023-07-15 08:30:00,0.0,30.658888888888896
482,105,26,10.0,33.535,29.352222222222224,2023-07-15 10:30:00,2023-07-15 20:15:00,4.182777777777773,31.573902777777775
483,105,27,8.75,33.535,32.187777777777775,2023-07-16 08:30:00,2023-07-16 17:00:00,1.3472222222222214,32.74296825396826
484,105,28,3.0,29.65222222222222,27.467777777777776,2023-07-17 12:30:00,2023-07-17 15:15:00,2.184444444444445,28.689583333333335
485,105,29,2.25,30.457222222222217,29.05277777777778,2023-07-17 17:45:00,2023-07-17 19:45:00,1.4044444444444366,29.87604938271605
486,105,30,2.75,28.75388888888889,26.78111111111112,2023-07-18 11:30:00,2023-07-18 14:00:00,1.9727777777777717,27.827929292929287
487,105,31,3.0,30.457222222222217,28.75388888888889,2023-07-18 17:15:00,2023-07-18 20:00:00,1.703333333333326,29.61125
488,105,32,3.5,28.25777777777778,26.39,2023-07-19 08:15:00,2023-07-19 11:30:00,1.8677777777777784,27.441190476190474
489,105,33,6.0,31.16611111111111,28.15888888888889,2023-07-19 14:15:00,2023-07-19 20:00:00,3.0072222222222216,29.897870370370374
490,105,34,3.0,29.75222222222222,27.467777777777776,2023-07-20 13:30:00,2023-07-20 16:15:00,2.2844444444444427,28.830555555555552
491,105,35,1.5,28.655,27.567222222222217,2023-07-21 13:30:00,2023-07-21 14:45:00,1.0877777777777844,28.159537037037037
492,105,36,5.25,30.658888888888896,28.555,2023-07-21 15:30:00,2023-07-21 20:30:00,2.1038888888888962,29.907089947089943
493,105,37,9.5,30.96277777777778,26.585,2023-07-22 08:15:00,2023-07-22 17:30:00,4.37777777777778,29.09609649122808
494,105,38,1.25,27.467777777777776,26.682777777777776,2023-07-23 08:15:00,2023-07-23 09:15:00,0.7850000000000001,27.134111111111107
495,105,39,1.25,27.862222222222226,26.78111111111112,2023-07-23 12:30:00,2023-07-23 13:30:00,1.081111111111106,27.389777777777777
496,105,40,1.25,29.552222222222227,29.05277777777778,2023-07-23 17:00:00,2023-07-23 18:00:00,0.49944444444444613,29.31233333333334
497,105,41,2.75,29.852777777777774,28.059999999999995,2023-07-24 14:15:00,2023-07-24 16:45:00,1.7927777777777791,29.07207070707071
498,105,42,1.75,29.852777777777774,29.15222222222222,2023-07-24 18:30:00,2023-07-24 20:00:00,0.7005555555555532,29.5952380952381
499,105,43,8.25,30.76,27.075000000000003,2023-07-25 08:45:00,2023-07-25 16:45:00,3.6849999999999987,29.100084175084174
500,105,44,1.5,30.658888888888896,29.852777777777774,2023-07-25 18:45:00,2023-07-25 20:00:00,0.8061111111111217,30.339444444444446
501,105,45,1.25,29.15222222222222,28.25777777777778,2023-07-26 14:15:00,2023-07-26 15:15:00,0.8944444444444422,28.73433333333334
502,105,46,4.5,30.557777777777783,28.555,2023-07-26 16:30:00,2023-07-26 20:45:00,2.0027777777777835,29.898919753086414
503,105,47,4.0,29.15222222222222,26.97722222222222,2023-07-27 08:45:00,2023-07-27 12:30:00,2.1750000000000007,28.185381944444444
504,105,48,2.75,30.153888888888886,28.75388888888889,2023-07-27 14:15:00,2023-07-27 16:45:00,1.399999999999995,29.56191919191919
505,105,49,6.0,30.86222222222223,27.862222222222226,2023-07-28 14:15:00,2023-07-28 20:00:00,3.0000000000000036,29.55479166666667
506,105,50,1.0,30.86222222222223,30.76,2023-07-29 08:15:00,2023-07-29 09:00:00,0.10222222222222754,30.811111111111117
507,105,51,7.0,31.67611111111111,27.96111111111111,2023-07-29 14:00:00,2023-07-29 20:45:00,3.715,30.284464285714293
508,105,52,1.5,31.67611111111111,31.573888888888884,2023-07-30 08:00:00,2023-07-30 09:15:00,0.10222222222222399,31.625
509,105,53,2.0,31.267777777777773,30.153888888888886,2023-07-30 10:45:00,2023-07-30 12:30:00,1.1138888888888872,30.836736111111108
510,105,54,1.5,31.063888888888894,29.852777777777774,2023-07-30 14:30:00,2023-07-30 15:45:00,1.2111111111111192,30.575370370370372
511,105,55,4.75,29.852777777777774,27.272222222222226,2023-07-31 11:45:00,2023-07-31 16:15:00,2.5805555555555486,28.735584795321635
512,105,56,1.5,30.255000000000003,29.852777777777774,2023-07-31 16:45:00,2023-07-31 18:00:00,0.40222222222222825,30.08722222222222
513,106,1,2.0,28.25777777777778,26.87888888888889,2023-07-05 08:00:00,2023-07-05 09:45:00,1.3788888888888877,27.56736111111111
514,106,2,2.25,28.456111111111117,26.87888888888889,2023-07-06 08:00:00,2023-07-06 10:00:00,1.5772222222222254,27.666111111111114
515,106,3,2.0,28.357222222222227,27.075000000000003,2023-07-11 08:15:00,2023-07-11 10:00:00,1.2822222222222237,27.715138888888887
516,106,4,2.0,28.25777777777778,27.172777777777775,2023-07-12 08:15:00,2023-07-12 10:00:00,1.0850000000000044,27.65340277777778
517,106,5,1.5,28.25777777777778,27.172777777777775,2023-07-13 08:00:00,2023-07-13 09:15:00,1.0850000000000044,27.7312962962963
518,106,6,1.75,28.357222222222227,26.682777777777776,2023-07-14 08:00:00,2023-07-14 09:30:00,1.6744444444444504,27.553809523809527
519,106,7,1.5,28.357222222222227,27.172777777777775,2023-07-18 08:00:00,2023-07-18 09:15:00,1.184444444444452,27.79712962962963
520,106,8,1.25,28.357222222222227,27.370000000000005,2023-07-19 08:00:00,2023-07-19 09:00:00,0.987222222222222,27.90244444444444
521,106,9,1.25,28.25777777777778,27.272222222222226,2023-07-20 08:00:00,2023-07-20 09:00:00,0.9855555555555533,27.784222222222223
522,106,10,1.25,27.862222222222226,26.39,2023-07-23 10:00:00,2023-07-23 11:00:00,1.472222222222225,27.19411111111111
523,106,11,1.25,28.357222222222227,27.467777777777776,2023-07-25 08:15:00,2023-07-25 09:15:00,0.8894444444444503,27.922000000000004
524,106,12,1.0,28.357222222222227,27.665,2023-07-26 08:15:00,2023-07-26 09:00:00,0.6922222222222274,27.98611111111111
525,106,13,2.0,28.456111111111117,27.075000000000003,2023-07-27 08:00:00,2023-07-27 09:45:00,1.3811111111111138,27.72763888888889
526,106,14,1.0,28.357222222222227,27.272222222222226,2023-07-28 12:00:00,2023-07-28 12:45:00,1.0850000000000009,27.83861111111111
527,106,15,1.5,27.96111111111111,26.39,2023-07-29 09:45:00,2023-07-29 11:00:00,1.571111111111108,27.255925925925922
528,106,16,1.0,27.370000000000005,26.585,2023-07-31 08:00:00,2023-07-31 08:45:00,0.7850000000000037,26.97722222222223
529,107,1,1.25,26.487777777777776,25.416111111111107,2023-07-01 11:30:00,2023-07-01 12:30:00,1.071666666666669,25.961333333333336
530,107,2,1.0,26.487777777777776,26.487777777777776,2023-07-02 08:00:00,2023-07-02 08:00:00,0.0,26.487777777777776
531,107,3,7.0,30.76,26.87888888888889,2023-07-02 13:00:00,2023-07-02 19:45:00,3.8811111111111103,29.179325396825398
532,107,4,1.0,27.665,26.97722222222222,2023-07-03 16:00:00,2023-07-03 16:45:00,0.6877777777777787,27.29625
533,107,5,2.0,28.655,28.15888888888889,2023-07-05 08:00:00,2023-07-05 09:45:00,0.4961111111111123,28.381875000000004
534,107,6,1.0,26.487777777777776,26.39,2023-07-09 08:45:00,2023-07-09 09:00:00,0.0977777777777753,26.43888888888889
535,107,7,3.5,28.75388888888889,27.567222222222217,2023-07-10 08:45:00,2023-07-10 12:00:00,1.1866666666666745,28.117182539682542
536,107,8,1.0,26.487777777777776,25.90222222222222,2023-07-16 08:30:00,2023-07-16 09:15:00,0.5855555555555547,26.194861111111106
537,107,9,1.0,27.075000000000003,26.292222222222215,2023-07-21 16:15:00,2023-07-21 17:00:00,0.7827777777777882,26.70777777777778
538,107,10,1.0,26.195,26.195,2023-07-22 08:45:00,2023-07-22 08:45:00,0.0,26.195
539,107,11,1.0,27.76388888888889,26.682777777777776,2023-07-23 19:15:00,2023-07-23 20:00:00,1.0811111111111131,27.026249999999997
540,107,12,1.75,27.075000000000003,26.195,2023-07-24 08:00:00,2023-07-24 09:30:00,0.8800000000000026,26.64150793650794
541,107,13,1.25,27.862222222222226,26.87888888888889,2023-07-25 16:15:00,2023-07-25 17:15:00,0.9833333333333343,27.389777777777777
542,107,14,1.75,28.15888888888889,26.682777777777776,2023-07-26 16:45:00,2023-07-26 18:15:00,1.4761111111111127,27.440793650793644
543,107,15,2.5,28.456111111111117,26.487777777777776,2023-07-28 16:30:00,2023-07-28 18:45:00,1.9683333333333408,27.63683333333334
544,107,16,1.25,26.682777777777776,25.805,2023-07-30 09:15:00,2023-07-30 10:15:00,0.8777777777777764,26.273
545,111,1,1.0,23.196111111111108,23.196111111111108,2023-07-03 08:15:00,2023-07-03 08:15:00,0.0,23.196111111111108
546,111,2,1.5,23.677222222222223,23.003888888888884,2023-07-17 08:30:00,2023-07-17 09:45:00,0.6733333333333391,23.356388888888887
547,111,3,1.0,22.14222222222222,22.046111111111117,2023-07-31 08:00:00,2023-07-31 08:15:00,0.09611111111110304,22.094166666666663
548,113,1,2.5,28.357222222222227,26.97722222222222,2023-07-01 11:00:00,2023-07-01 13:15:00,1.380000000000006,27.626611111111114
549,113,2,1.25,28.15888888888889,27.075000000000003,2023-07-22 13:30:00,2023-07-22 14:30:00,1.083888888888886,27.646
550,114,1,8.0,30.153888888888886,27.76388888888889,2023-07-01 08:00:00,2023-07-01 15:45:00,2.389999999999997,28.90236111111111
551,114,2,1.0,30.255000000000003,29.75222222222222,2023-07-01 16:15:00,2023-07-01 17:00:00,0.5027777777777835,30.02847222222222
552,114,3,1.0,30.255000000000003,29.852777777777774,2023-07-01 17:30:00,2023-07-01 18:15:00,0.40222222222222825,30.078888888888887
553,114,4,3.25,30.153888888888886,29.852777777777774,2023-07-02 08:00:00,2023-07-02 11:00:00,0.301111111111112,29.937649572649565
554,114,5,1.0,30.053888888888885,29.65222222222222,2023-07-02 11:30:00,2023-07-02 12:15:00,0.40166666666666373,29.877916666666668
555,114,6,1.25,30.153888888888886,30.053888888888885,2023-07-03 08:30:00,2023-07-03 09:30:00,0.10000000000000142,30.113888888888887
556,114,7,1.5,30.255000000000003,29.75222222222222,2023-07-03 10:00:00,2023-07-03 11:15:00,0.5027777777777835,30.003425925925928
557,114,8,1.0,30.153888888888886,30.053888888888885,2023-07-04 08:45:00,2023-07-04 09:30:00,0.10000000000000142,30.128888888888884
558,114,9,1.25,30.153888888888886,29.75222222222222,2023-07-04 10:00:00,2023-07-04 11:00:00,0.4016666666666673,29.97311111111111
559,114,10,1.25,30.053888888888885,29.952777777777783,2023-07-05 08:15:00,2023-07-05 09:15:00,0.10111111111110205,29.99322222222222
560,114,11,1.25,30.053888888888885,29.75222222222222,2023-07-05 10:00:00,2023-07-05 11:00:00,0.30166666666666586,29.91288888888889
561,114,12,1.25,29.952777777777783,29.852777777777774,2023-07-06 08:00:00,2023-07-06 09:00:00,0.10000000000000853,29.87277777777778
562,114,13,1.0,29.552222222222227,29.15222222222222,2023-07-06 10:15:00,2023-07-06 11:00:00,0.4000000000000057,29.377222222222226
563,114,14,6.0,30.153888888888886,28.456111111111117,2023-07-07 08:45:00,2023-07-07 14:30:00,1.6977777777777696,29.18263888888889
564,114,15,3.0,30.255000000000003,29.952777777777783,2023-07-08 08:00:00,2023-07-08 10:45:00,0.3022222222222197,30.087222222222238
565,114,16,1.5,30.053888888888885,29.65222222222222,2023-07-09 09:00:00,2023-07-09 10:15:00,0.40166666666666373,29.869444444444444
566,114,17,1.75,30.255000000000003,29.75222222222222,2023-07-10 08:30:00,2023-07-10 10:00:00,0.5027777777777835,30.03920634920634
567,114,18,1.0,30.255000000000003,30.153888888888886,2023-07-11 08:45:00,2023-07-11 09:00:00,0.10111111111111626,30.20444444444444
568,114,19,1.0,30.255000000000003,30.053888888888885,2023-07-11 09:45:00,2023-07-11 10:30:00,0.20111111111111768,30.154166666666672
569,114,20,1.0,30.255000000000003,29.952777777777783,2023-07-11 11:00:00,2023-07-11 11:45:00,0.3022222222222197,30.10388888888889
570,114,21,1.25,30.153888888888886,29.852777777777774,2023-07-12 08:45:00,2023-07-12 09:45:00,0.301111111111112,30.013444444444442
571,114,22,2.75,29.552222222222227,28.655,2023-07-14 08:30:00,2023-07-14 11:00:00,0.8972222222222257,29.080101010101007
572,114,23,1.25,30.153888888888886,29.452222222222225,2023-07-14 13:30:00,2023-07-14 14:30:00,0.7016666666666609,29.832999999999995
573,114,24,1.25,30.153888888888886,29.65222222222222,2023-07-15 08:15:00,2023-07-15 09:15:00,0.5016666666666652,29.933111111111106
574,114,25,3.5,30.053888888888885,28.852777777777774,2023-07-18 08:00:00,2023-07-18 11:15:00,1.2011111111111106,29.45968253968254
575,114,26,1.0,30.153888888888886,29.852777777777774,2023-07-19 08:30:00,2023-07-19 09:15:00,0.301111111111112,30.00333333333333
576,114,27,1.0,30.153888888888886,29.852777777777774,2023-07-23 08:30:00,2023-07-23 09:15:00,0.301111111111112,30.00333333333333
577,114,28,4.25,30.053888888888885,28.357222222222227,2023-07-25 08:00:00,2023-07-25 12:00:00,1.6966666666666583,29.200490196078434
578,114,29,1.0,30.153888888888886,29.75222222222222,2023-07-26 08:15:00,2023-07-26 09:00:00,0.4016666666666673,29.978194444444437
579,114,30,1.0,30.153888888888886,30.153888888888886,2023-07-27 08:15:00,2023-07-27 08:15:00,0.0,30.153888888888886
580,114,31,3.5,30.153888888888886,28.75388888888889,2023-07-28 08:45:00,2023-07-28 12:00:00,1.399999999999995,29.49559523809524
581,114,32,1.0,30.255000000000003,30.053888888888885,2023-07-29 08:45:00,2023-07-29 09:15:00,0.20111111111111768,30.15425925925926
582,116,1,3.0,29.65222222222222,27.272222222222226,2023-07-01 10:30:00,2023-07-01 13:15:00,2.3799999999999955,28.524537037037046
583,116,2,4.0,29.65222222222222,26.585,2023-07-03 09:00:00,2023-07-03 12:45:00,3.0672222222222203,28.230486111111112
584,116,3,3.5,29.65222222222222,27.172777777777775,2023-07-04 09:15:00,2023-07-04 12:30:00,2.4794444444444466,28.451547619047616
585,116,4,1.25,27.467777777777776,26.682777777777776,2023-07-05 08:45:00,2023-07-05 09:45:00,0.7850000000000001,27.075333333333337
586,116,5,3.0,29.75222222222222,26.682777777777776,2023-07-05 11:15:00,2023-07-05 14:00:00,3.069444444444443,28.343796296296297
587,116,6,3.75,29.75222222222222,26.87888888888889,2023-07-06 09:15:00,2023-07-06 12:45:00,2.8733333333333277,28.26759259259259
588,116,7,3.25,29.852777777777774,26.585,2023-07-07 12:00:00,2023-07-07 15:00:00,3.2677777777777735,28.345982905982904
589,116,8,3.75,29.75222222222222,26.78111111111112,2023-07-10 09:00:00,2023-07-10 12:30:00,2.9711111111110995,28.32733333333334
590,116,9,1.25,27.862222222222226,26.87888888888889,2023-07-11 09:00:00,2023-07-11 10:00:00,0.9833333333333343,27.389777777777777
591,116,10,1.25,27.665,26.682777777777776,2023-07-12 09:00:00,2023-07-12 10:00:00,0.982222222222223,27.213000000000005
592,116,11,3.5,29.75222222222222,26.78111111111112,2023-07-13 09:00:00,2023-07-13 12:15:00,2.9711111111110995,28.332142857142856
593,116,12,3.25,29.75222222222222,26.487777777777776,2023-07-14 09:00:00,2023-07-14 12:00:00,3.264444444444443,28.185940170940164
594,116,13,3.25,29.75222222222222,26.682777777777776,2023-07-17 09:00:00,2023-07-17 12:00:00,3.069444444444443,28.2691452991453
595,116,14,3.0,29.65222222222222,26.87888888888889,2023-07-18 09:00:00,2023-07-18 11:45:00,2.77333333333333,28.30208333333334
596,116,15,1.0,27.862222222222226,26.97722222222222,2023-07-19 09:00:00,2023-07-19 09:45:00,0.8850000000000051,27.44416666666666
597,116,16,1.5,29.952777777777783,27.96111111111111,2023-07-19 15:30:00,2023-07-19 16:45:00,1.9916666666666742,29.021203703703705
598,116,17,3.0,29.75222222222222,27.075000000000003,2023-07-20 09:15:00,2023-07-20 12:00:00,2.677222222222216,28.4424074074074
599,116,18,3.25,29.65222222222222,26.87888888888889,2023-07-21 09:00:00,2023-07-21 12:00:00,2.77333333333333,28.321794871794868
600,116,19,3.25,29.65222222222222,26.87888888888889,2023-07-24 09:00:00,2023-07-24 12:00:00,2.77333333333333,28.337094017094014
601,116,20,3.0,29.65222222222222,26.87888888888889,2023-07-25 09:00:00,2023-07-25 11:45:00,2.77333333333333,28.310324074074085
602,116,21,3.0,29.75222222222222,26.97722222222222,2023-07-26 09:15:00,2023-07-26 12:00:00,2.7749999999999986,28.40962962962963
603,116,22,3.25,29.65222222222222,27.172777777777775,2023-07-27 09:15:00,2023-07-27 12:15:00,2.4794444444444466,28.3975641025641
604,116,23,2.5,29.15222222222222,26.78111111111112,2023-07-28 09:00:00,2023-07-28 11:15:00,2.3711111111111016,27.97338888888889
605,116,24,4.25,29.75222222222222,26.097222222222214,2023-07-31 09:00:00,2023-07-31 13:00:00,3.6550000000000047,27.995228758169933
606,119,1,1.0,27.272222222222226,27.272222222222226,2023-07-01 08:15:00,2023-07-01 08:15:00,0.0,27.272222222222226
607,122,1,1.0,25.61,25.222222222222225,2023-07-01 08:30:00,2023-07-01 09:15:00,0.38777777777777445,25.415972222222223
608,122,2,1.25,26.195,25.70777777777778,2023-07-02 08:45:00,2023-07-02 09:45:00,0.487222222222222,25.94144444444445
609,122,3,1.0,26.585,26.585,2023-07-03 08:30:00,2023-07-03 08:30:00,0.0,26.584999999999997
610,122,4,1.0,26.292222222222215,26.292222222222215,2023-07-04 08:15:00,2023-07-04 08:30:00,0.0,26.292222222222218
611,122,5,1.25,26.195,25.70777777777778,2023-07-05 08:15:00,2023-07-05 09:15:00,0.487222222222222,25.94144444444445
612,122,6,1.25,26.39,25.90222222222222,2023-07-06 08:15:00,2023-07-06 09:15:00,0.4877777777777794,26.136333333333333
613,122,7,1.75,26.195,25.61,2023-07-07 08:00:00,2023-07-07 09:30:00,0.5850000000000009,25.846825396825402
614,122,8,2.5,26.195,25.222222222222225,2023-07-08 08:00:00,2023-07-08 10:15:00,0.9727777777777753,25.630166666666664
615,122,9,1.75,26.195,25.416111111111107,2023-07-09 08:30:00,2023-07-09 10:00:00,0.7788888888888934,25.763412698412697
616,122,10,1.0,26.195,26.195,2023-07-10 08:45:00,2023-07-10 08:45:00,0.0,26.195
617,122,11,1.0,26.292222222222215,26.097222222222214,2023-07-14 08:00:00,2023-07-14 08:15:00,0.19500000000000028,26.194722222222218
618,122,12,1.0,26.292222222222215,26.0,2023-07-21 08:00:00,2023-07-21 08:30:00,0.2922222222222146,26.12981481481481
619,122,13,1.0,26.292222222222215,26.292222222222215,2023-07-22 08:15:00,2023-07-22 08:15:00,0.0,26.292222222222218
620,122,14,1.0,26.292222222222215,26.097222222222214,2023-07-27 08:00:00,2023-07-27 08:30:00,0.19500000000000028,26.19481481481481
621,122,15,1.0,26.0,26.0,2023-07-29 08:00:00,2023-07-29 08:00:00,0.0,26.0
622,124,1,4.5,25.222222222222225,25.222222222222225,2023-07-01 08:15:00,2023-07-01 12:30:00,0.0,23.870123456790118
623,124,2,3.5,25.222222222222225,24.835,2023-07-02 08:45:00,2023-07-02 12:00:00,0.38722222222222413,24.71718253968254
624,124,3,1.75,26.292222222222215,26.292222222222215,2023-07-03 08:45:00,2023-07-03 10:15:00,0.0,26.0834126984127
625,124,4,1.0,25.222222222222225,25.222222222222225,2023-07-04 08:15:00,2023-07-04 08:45:00,0.0,25.189814814814817
626,124,5,1.25,25.125,24.931111111111115,2023-07-04 09:15:00,2023-07-04 10:15:00,0.19388888888888545,24.989222222222228
627,124,6,3.75,25.125,25.02777777777778,2023-07-05 08:15:00,2023-07-05 11:45:00,0.09722222222222143,24.94422222222222
628,124,7,4.25,25.90222222222222,25.805,2023-07-06 08:15:00,2023-07-06 12:15:00,0.09722222222222143,25.50192810457516
629,124,8,3.5,26.487777777777776,26.487777777777776,2023-07-07 08:15:00,2023-07-07 11:30:00,0.0,26.09749999999999
630,124,9,3.5,25.416111111111107,25.31888888888889,2023-07-08 08:15:00,2023-07-08 11:30:00,0.09722222222221788,25.22892857142857
631,124,10,2.25,25.31888888888889,25.125,2023-07-09 08:30:00,2023-07-09 10:30:00,0.193888888888889,25.060370370370368
632,124,11,1.25,25.416111111111107,25.31888888888889,2023-07-10 08:15:00,2023-07-10 09:15:00,0.09722222222221788,25.33833333333334
633,124,12,1.0,25.31888888888889,25.31888888888889,2023-07-11 08:00:00,2023-07-11 08:45:00,0.0,25.270555555555553
634,124,13,1.0,25.416111111111107,25.416111111111107,2023-07-12 08:30:00,2023-07-12 08:30:00,0.0,25.416111111111107
635,124,14,1.0,29.952777777777783,29.352222222222224,2023-07-16 10:30:00,2023-07-16 11:15:00,0.6005555555555588,29.652361111111116
636,124,15,7.5,32.70388888888889,28.555,2023-07-18 08:45:00,2023-07-18 16:00:00,4.148888888888891,30.582925925925924
637,124,16,2.5,33.535,32.70388888888889,2023-07-18 16:30:00,2023-07-18 18:45:00,0.831111111111106,33.149722222222216
638,124,17,2.25,33.3261111111111,32.91111111111111,2023-07-19 08:45:00,2023-07-19 10:45:00,0.41499999999999204,33.106666666666655
639,124,18,2.25,33.3261111111111,32.91111111111111,2023-07-20 08:15:00,2023-07-20 10:15:00,0.41499999999999204,33.10654320987654
640,124,19,1.25,33.3261111111111,33.22222222222222,2023-07-21 08:15:00,2023-07-21 09:15:00,0.10388888888888204,33.243
641,124,20,1.0,33.3261111111111,33.3261111111111,2023-07-22 08:30:00,2023-07-22 08:30:00,0.0,33.3261111111111
642,124,21,1.0,33.43,33.3261111111111,2023-07-23 08:00:00,2023-07-23 08:30:00,0.10388888888889625,33.36074074074074
643,124,22,1.25,33.43,33.117777777777775,2023-07-24 08:15:00,2023-07-24 09:15:00,0.31222222222222484,33.28444444444444
644,124,23,1.0,33.3261111111111,33.117777777777775,2023-07-25 08:30:00,2023-07-25 09:15:00,0.2083333333333286,33.22208333333333
645,124,24,1.0,33.3261111111111,33.22222222222222,2023-07-27 08:15:00,2023-07-27 09:00:00,0.10388888888888204,33.274166666666666
646,124,25,1.0,33.22222222222222,33.013888888888886,2023-07-28 08:15:00,2023-07-28 08:45:00,0.2083333333333357,32.94537037037037
647,124,26,1.0,33.3261111111111,33.3261111111111,2023-07-29 08:30:00,2023-07-29 08:30:00,0.0,33.3261111111111
648,124,27,1.0,33.43,33.43,2023-07-30 08:30:00,2023-07-30 08:30:00,0.0,33.43
649,124,28,1.0,33.43,33.3261111111111,2023-07-31 08:15:00,2023-07-31 09:00:00,0.10388888888889625,33.35208333333333
650,127,1,3.5,29.25222222222222,28.852777777777774,2023-07-01 08:15:00,2023-07-01 11:30:00,0.3994444444444447,28.959801587301587
651,127,2,1.0,29.15222222222222,29.05277777777778,2023-07-02 08:30:00,2023-07-02 09:00:00,0.09944444444444045,29.08592592592593
652,127,3,1.5,29.15222222222222,28.75388888888889,2023-07-02 09:30:00,2023-07-02 10:45:00,0.3983333333333299,29.002777777777776
653,127,4,1.75,28.655,28.25777777777778,2023-07-03 08:00:00,2023-07-03 09:30:00,0.39722222222222214,28.512857142857154
654,127,5,1.0,29.15222222222222,29.05277777777778,2023-07-04 08:15:00,2023-07-04 08:30:00,0.09944444444444045,29.102500000000003
655,127,6,1.0,29.15222222222222,28.852777777777774,2023-07-04 09:15:00,2023-07-04 10:00:00,0.29944444444444684,29.00263888888889
656,127,7,1.0,29.05277777777778,29.05277777777778,2023-07-05 08:45:00,2023-07-05 09:00:00,0.0,29.05277777777778
657,127,8,1.75,29.15222222222222,28.456111111111117,2023-07-05 09:45:00,2023-07-05 11:15:00,0.6961111111111045,28.853492063492077
658,127,9,1.25,28.952777777777776,28.952777777777776,2023-07-06 08:15:00,2023-07-06 09:15:00,0.0,28.952777777777776
659,127,10,1.5,29.05277777777778,28.655,2023-07-06 10:00:00,2023-07-06 11:15:00,0.39777777777777956,28.870000000000005
660,127,11,1.5,28.852777777777774,28.456111111111117,2023-07-07 08:45:00,2023-07-07 10:00:00,0.3966666666666576,28.671111111111113
661,127,12,1.0,28.852777777777774,28.555,2023-07-07 10:45:00,2023-07-07 11:30:00,0.2977777777777746,28.70416666666667
662,127,13,1.5,29.25222222222222,28.852777777777774,2023-07-08 09:15:00,2023-07-08 10:30:00,0.3994444444444447,29.069166666666668
663,127,14,1.0,29.352222222222224,29.05277777777778,2023-07-08 11:15:00,2023-07-08 12:00:00,0.2994444444444433,29.202361111111113
664,127,15,1.0,29.15222222222222,28.852777777777774,2023-07-09 08:30:00,2023-07-09 09:15:00,0.29944444444444684,29.052499999999995
665,127,16,1.0,29.352222222222224,28.952777777777776,2023-07-23 09:15:00,2023-07-23 10:00:00,0.39944444444444827,29.152500000000007
666,129,1,1.0,27.370000000000005,27.172777777777775,2023-07-01 08:30:00,2023-07-01 08:45:00,0.19722222222222996,27.271388888888893
667,129,2,1.0,27.567222222222217,27.172777777777775,2023-07-02 08:30:00,2023-07-02 09:00:00,0.39444444444444215,27.370000000000005
668,129,3,3.25,32.08611111111111,28.555,2023-07-02 12:00:00,2023-07-02 15:00:00,3.531111111111109,30.625427350427362
669,129,4,2.0,31.267777777777773,30.153888888888886,2023-07-03 08:45:00,2023-07-03 10:30:00,1.1138888888888872,30.67222222222223
670,129,5,2.0,31.16611111111111,30.356111111111115,2023-07-04 08:00:00,2023-07-04 09:45:00,0.8099999999999952,30.747847222222227
671,129,6,1.0,27.665,27.665,2023-07-07 08:30:00,2023-07-07 08:30:00,0.0,27.665
672,129,7,8.0,32.91111111111111,28.25777777777778,2023-07-07 11:30:00,2023-07-07 19:15:00,4.653333333333332,31.675937499999993
673,129,8,1.0,33.3261111111111,31.98277777777778,2023-07-07 20:00:00,2023-07-07 20:45:00,1.343333333333323,32.13694444444444
674,129,9,5.5,33.3261111111111,30.153888888888886,2023-07-08 08:00:00,2023-07-08 13:15:00,3.172222222222217,31.64421717171718
675,129,10,1.0,32.6,32.08611111111111,2023-07-08 20:00:00,2023-07-08 20:45:00,0.5138888888888928,32.36861111111111
676,129,11,4.25,33.3261111111111,30.86222222222223,2023-07-09 08:00:00,2023-07-09 12:00:00,2.4638888888888744,31.961960784313728
677,129,12,1.0,32.70388888888889,32.291111111111114,2023-07-09 20:00:00,2023-07-09 20:45:00,0.4127777777777766,32.54902777777778
678,129,13,2.75,32.91111111111111,31.67611111111111,2023-07-10 08:15:00,2023-07-10 10:45:00,1.235000000000003,32.24520202020202
679,129,14,1.0,32.70388888888889,32.187777777777775,2023-07-10 20:00:00,2023-07-10 20:45:00,0.5161111111111154,32.52319444444444
680,129,15,2.25,32.80722222222222,32.291111111111114,2023-07-11 08:30:00,2023-07-11 10:30:00,0.5161111111111083,32.55462962962964
681,129,16,1.75,32.91111111111111,32.187777777777775,2023-07-12 08:15:00,2023-07-12 09:45:00,0.7233333333333363,32.54174603174604
682,129,17,1.0,32.91111111111111,32.291111111111114,2023-07-12 10:15:00,2023-07-12 11:00:00,0.6199999999999974,32.600833333333334
683,129,18,1.0,32.80722222222222,32.39388888888888,2023-07-13 08:45:00,2023-07-13 09:30:00,0.4133333333333411,32.548750000000005
684,129,19,1.0,32.80722222222222,32.6,2023-07-14 08:45:00,2023-07-14 09:00:00,0.20722222222222086,32.70361111111111
685,129,20,1.25,32.91111111111111,32.39388888888888,2023-07-15 08:15:00,2023-07-15 09:15:00,0.5172222222222302,32.62122222222223
686,129,21,1.0,28.25777777777778,28.25777777777778,2023-07-20 08:45:00,2023-07-20 08:45:00,0.0,28.25777777777778
687,129,22,5.0,33.742777777777775,29.75222222222222,2023-07-24 15:45:00,2023-07-24 20:30:00,3.990555555555556,31.91458333333334
688,129,23,3.25,33.742777777777775,31.77777777777778,2023-07-25 08:45:00,2023-07-25 11:45:00,1.9649999999999963,32.66576923076923
689,129,24,1.5,33.43,32.80722222222222,2023-07-26 08:45:00,2023-07-26 10:00:00,0.6227777777777774,33.08370370370372
690,129,25,2.5,33.43,32.291111111111114,2023-07-27 08:30:00,2023-07-27 10:45:00,1.1388888888888857,32.82849999999999
691,129,26,2.25,33.43,32.70388888888889,2023-07-28 08:45:00,2023-07-28 10:45:00,0.7261111111111092,32.95716049382716
692,131,1,5.0,28.059999999999995,24.835,2023-07-01 11:30:00,2023-07-01 16:15:00,3.2249999999999943,26.529666666666667
693,131,2,2.0,26.87888888888889,25.222222222222225,2023-07-02 13:15:00,2023-07-02 15:00:00,1.6566666666666663,26.08583333333333
694,131,3,1.5,26.487777777777776,25.416111111111107,2023-07-03 13:00:00,2023-07-03 14:15:00,1.071666666666669,25.98388888888889
695,131,4,2.5,28.15888888888889,26.195,2023-07-03 15:30:00,2023-07-03 17:45:00,1.9638888888888886,27.341722222222227
696,131,5,1.5,28.059999999999995,27.272222222222226,2023-07-03 19:15:00,2023-07-03 20:30:00,0.7877777777777695,27.731296296296293
697,131,6,3.5,27.665,24.931111111111115,2023-07-05 14:45:00,2023-07-05 18:00:00,2.7338888888888846,26.433849206349198
698,131,7,3.25,27.96111111111111,25.31888888888889,2023-07-06 15:00:00,2023-07-06 18:00:00,2.6422222222222196,26.798376068376072
699,131,8,3.25,28.059999999999995,25.512777777777774,2023-07-07 15:00:00,2023-07-07 18:00:00,2.5472222222222207,26.96405982905983
700,131,9,1.0,27.567222222222217,27.467777777777776,2023-07-08 08:30:00,2023-07-08 09:15:00,0.09944444444444045,27.5175
701,131,10,2.5,27.862222222222226,25.61,2023-07-10 15:00:00,2023-07-10 17:15:00,2.252222222222226,26.860999999999994
702,131,11,2.5,27.567222222222217,25.416111111111107,2023-07-11 15:00:00,2023-07-11 17:15:00,2.15111111111111,26.547833333333326
703,131,12,2.75,27.96111111111111,25.416111111111107,2023-07-12 15:00:00,2023-07-12 17:30:00,2.5450000000000017,26.792020202020204
704,131,13,3.0,27.96111111111111,25.31888888888889,2023-07-13 15:00:00,2023-07-13 17:45:00,2.6422222222222196,26.791435185185183
705,131,14,2.5,27.96111111111111,25.70777777777778,2023-07-14 15:00:00,2023-07-14 17:15:00,2.2533333333333303,26.978722222222224
706,131,15,1.75,26.87888888888889,24.835,2023-07-15 16:00:00,2023-07-15 17:30:00,2.0438888888888904,25.973253968253964
707,131,16,2.5,27.96111111111111,25.222222222222225,2023-07-17 15:00:00,2023-07-17 17:15:00,2.7388888888888836,26.705000000000002
708,131,17,1.0,26.682777777777776,25.512777777777774,2023-07-18 15:00:00,2023-07-18 15:45:00,1.1700000000000017,26.0975
709,131,18,1.0,27.665,26.87888888888889,2023-07-18 17:15:00,2023-07-18 18:00:00,0.7861111111111079,27.296111111111117
710,131,19,2.0,26.87888888888889,25.222222222222225,2023-07-19 15:00:00,2023-07-19 16:45:00,1.6566666666666663,26.098055555555554
711,131,20,2.75,27.76388888888889,25.512777777777774,2023-07-20 15:00:00,2023-07-20 17:30:00,2.251111111111115,26.809545454545457
712,131,21,3.0,27.96111111111111,25.222222222222225,2023-07-21 15:00:00,2023-07-21 17:45:00,2.7388888888888836,26.783611111111117
713,131,22,1.75,26.682777777777776,25.222222222222225,2023-07-22 19:00:00,2023-07-22 20:30:00,1.4605555555555512,26.05603174603175
714,131,23,2.5,27.862222222222226,25.31888888888889,2023-07-24 15:00:00,2023-07-24 17:15:00,2.5433333333333366,26.616944444444446
715,131,24,3.0,28.15888888888889,25.31888888888889,2023-07-25 15:00:00,2023-07-25 17:45:00,2.84,26.808148148148156
716,131,25,1.25,27.76388888888889,26.78111111111112,2023-07-26 16:45:00,2023-07-26 17:45:00,0.9827777777777698,27.311444444444444
717,131,26,3.0,27.76388888888889,25.222222222222225,2023-07-27 15:00:00,2023-07-27 17:45:00,2.5416666666666643,26.57935185185185
718,131,27,2.75,27.76388888888889,24.835,2023-07-28 14:45:00,2023-07-28 17:15:00,2.9288888888888884,26.454848484848483
719,131,28,3.5,27.862222222222226,24.545,2023-07-31 14:45:00,2023-07-31 18:00:00,3.317222222222224,26.456071428571438
720,132,1,1.0,26.195,25.90222222222222,2023-07-01 08:30:00,2023-07-01 09:00:00,0.29277777777777914,26.06481481481482
721,132,2,1.0,26.292222222222215,26.097222222222214,2023-07-02 08:45:00,2023-07-02 09:00:00,0.19500000000000028,26.194722222222218
722,132,3,1.0,26.292222222222215,25.61,2023-07-03 08:45:00,2023-07-03 09:30:00,0.6822222222222152,25.951111111111103
723,132,4,1.25,26.195,25.416111111111107,2023-07-04 08:15:00,2023-07-04 09:15:00,0.7788888888888934,25.80522222222222
724,132,5,1.0,26.097222222222214,25.90222222222222,2023-07-05 08:00:00,2023-07-05 08:15:00,0.19499999999999318,25.999722222222218
725,132,6,1.0,26.195,25.61,2023-07-08 08:30:00,2023-07-08 09:15:00,0.5850000000000009,25.9025
726,132,7,1.25,26.292222222222215,25.416111111111107,2023-07-09 08:15:00,2023-07-09 09:15:00,0.8761111111111077,25.883111111111106
727,132,8,1.0,26.195,25.512777777777774,2023-07-10 08:15:00,2023-07-10 09:00:00,0.6822222222222258,25.87819444444445
728,132,9,8.25,32.187777777777775,27.272222222222226,2023-07-18 08:00:00,2023-07-18 16:00:00,4.9155555555555495,29.526178451178453
729,132,10,2.25,31.880000000000003,31.37,2023-07-19 08:00:00,2023-07-19 10:00:00,0.5100000000000016,31.63067901234567
730,132,11,1.0,31.880000000000003,31.77777777777778,2023-07-20 08:30:00,2023-07-20 08:45:00,0.10222222222222399,31.828888888888894
731,132,12,1.0,31.77777777777778,31.77777777777778,2023-07-21 08:00:00,2023-07-21 08:15:00,0.0,31.77777777777778
732,132,13,1.0,31.77777777777778,31.77777777777778,2023-07-23 08:15:00,2023-07-23 08:15:00,0.0,31.77777777777778
733,132,14,1.0,31.77777777777778,31.573888888888884,2023-07-27 08:30:00,2023-07-27 09:15:00,0.20388888888889412,31.675972222222217
734,132,15,1.5,31.77777777777778,31.573888888888884,2023-07-31 08:15:00,2023-07-31 09:30:00,0.20388888888889412,31.675925925925924
735,134,1,1.0,27.172777777777775,26.682777777777776,2023-07-01 08:15:00,2023-07-01 09:00:00,0.48999999999999844,26.903472222222227
736,134,2,1.0,27.075000000000003,26.78111111111112,2023-07-02 08:15:00,2023-07-02 08:45:00,0.2938888888888833,26.911666666666676
737,134,3,1.0,27.272222222222226,26.87888888888889,2023-07-03 08:30:00,2023-07-03 09:00:00,0.3933333333333344,27.075370370370376
738,134,4,1.0,27.76388888888889,27.272222222222226,2023-07-04 08:45:00,2023-07-04 09:30:00,0.4916666666666636,27.493333333333332
739,134,5,1.25,27.76388888888889,27.075000000000003,2023-07-05 08:30:00,2023-07-05 09:30:00,0.6888888888888864,27.429222222222215
740,134,6,1.25,27.76388888888889,26.97722222222222,2023-07-06 08:45:00,2023-07-06 09:45:00,0.7866666666666688,27.350666666666662
741,134,7,1.0,27.76388888888889,27.370000000000005,2023-07-07 08:45:00,2023-07-07 09:30:00,0.39388888888888474,27.542222222222218
742,134,8,1.25,27.76388888888889,27.172777777777775,2023-07-08 08:30:00,2023-07-08 09:30:00,0.5911111111111147,27.487888888888897
743,134,9,1.5,27.76388888888889,26.97722222222222,2023-07-09 08:15:00,2023-07-09 09:30:00,0.7866666666666688,27.304444444444453
744,134,10,1.25,27.76388888888889,27.172777777777775,2023-07-10 08:15:00,2023-07-10 09:15:00,0.5911111111111147,27.448777777777778
745,134,11,1.0,27.862222222222226,27.272222222222226,2023-07-11 08:15:00,2023-07-11 09:00:00,0.5899999999999999,27.566805555555554
746,134,12,1.25,27.862222222222226,26.87888888888889,2023-07-13 08:15:00,2023-07-13 09:15:00,0.9833333333333343,27.370222222222225
747,134,13,1.0,27.76388888888889,27.075000000000003,2023-07-14 08:45:00,2023-07-14 09:30:00,0.6888888888888864,27.419583333333325
748,134,14,1.75,27.862222222222226,26.292222222222215,2023-07-15 08:00:00,2023-07-15 09:30:00,1.570000000000011,27.048174603174605
749,134,15,1.5,27.862222222222226,26.487777777777776,2023-07-18 08:30:00,2023-07-18 09:45:00,1.3744444444444497,27.15787037037037
750,134,16,1.5,28.059999999999995,26.195,2023-07-19 09:15:00,2023-07-19 10:30:00,1.8649999999999949,27.207407407407405
751,134,17,1.25,27.96111111111111,26.487777777777776,2023-07-21 10:15:00,2023-07-21 11:15:00,1.4733333333333327,27.252999999999997
752,134,18,1.0,26.78111111111112,26.78111111111112,2023-07-27 08:30:00,2023-07-27 08:30:00,0.0,26.781111111111116
753,134,19,1.0,26.682777777777776,26.487777777777776,2023-07-31 08:00:00,2023-07-31 08:15:00,0.19500000000000028,26.585277777777776
754,138,1,1.0,27.567222222222217,26.682777777777776,2023-07-01 10:00:00,2023-07-01 10:45:00,0.8844444444444406,27.149305555555557
755,138,2,1.75,29.25222222222222,28.059999999999995,2023-07-01 12:00:00,2023-07-01 13:30:00,1.1922222222222238,28.6552380952381
756,138,3,2.75,28.75388888888889,26.097222222222214,2023-07-01 17:45:00,2023-07-01 20:15:00,2.656666666666677,27.748484848484843
757,138,4,2.5,28.852777777777774,25.512777777777774,2023-07-03 16:15:00,2023-07-03 18:30:00,3.34,27.36433333333333
758,138,5,4.0,29.75222222222222,26.0,2023-07-04 14:00:00,2023-07-04 17:45:00,3.752222222222219,28.095833333333335
759,138,6,1.0,26.585,25.805,2023-07-05 10:00:00,2023-07-05 10:45:00,0.7800000000000011,26.219305555555554
760,138,7,2.0,27.665,25.31888888888889,2023-07-05 14:15:00,2023-07-05 16:00:00,2.34611111111111,26.611736111111114
761,138,8,1.25,28.852777777777774,28.059999999999995,2023-07-05 18:00:00,2023-07-05 19:00:00,0.7927777777777791,28.555555555555557
762,138,9,1.25,27.075000000000003,25.31888888888889,2023-07-06 14:15:00,2023-07-06 15:15:00,1.7561111111111138,26.23477777777778
763,138,10,1.5,26.97722222222222,25.61,2023-07-07 09:45:00,2023-07-07 11:00:00,1.367222222222221,26.325555555555564
764,138,11,1.75,28.456111111111117,25.90222222222222,2023-07-07 14:15:00,2023-07-07 15:45:00,2.5538888888888955,27.302301587301585
765,138,12,1.75,30.96277777777778,29.75222222222222,2023-07-07 18:15:00,2023-07-07 19:45:00,1.2105555555555618,30.500873015873008
766,138,13,2.75,27.862222222222226,25.222222222222225,2023-07-08 10:45:00,2023-07-08 13:15:00,2.6400000000000006,26.667575757575758
767,138,14,4.75,31.267777777777773,27.76388888888889,2023-07-09 14:30:00,2023-07-09 19:00:00,3.503888888888884,29.841842105263154
768,138,15,1.25,26.682777777777776,25.222222222222225,2023-07-10 10:00:00,2023-07-10 11:00:00,1.4605555555555512,26.02
769,138,16,3.0,28.952777777777776,25.416111111111107,2023-07-10 14:15:00,2023-07-10 17:00:00,3.536666666666669,27.447962962962965
770,138,17,2.0,27.96111111111111,25.222222222222225,2023-07-11 14:15:00,2023-07-11 16:00:00,2.7388888888888836,26.747013888888894
771,138,18,2.25,28.357222222222227,26.39,2023-07-12 10:30:00,2023-07-12 12:30:00,1.967222222222226,27.414938271604935
772,138,19,1.25,27.075000000000003,25.61,2023-07-13 10:15:00,2023-07-13 11:15:00,1.4650000000000034,26.37122222222222
773,138,20,1.25,27.665,26.195,2023-07-13 14:15:00,2023-07-13 15:15:00,1.4699999999999989,27.017111111111106
774,138,21,1.25,29.852777777777774,29.25222222222222,2023-07-13 19:45:00,2023-07-13 20:45:00,0.6005555555555553,29.592333333333336
775,138,22,1.0,26.87888888888889,25.805,2023-07-14 10:30:00,2023-07-14 11:15:00,1.0738888888888916,26.390277777777776
776,138,23,1.5,27.665,25.61,2023-07-14 13:30:00,2023-07-14 14:45:00,2.0549999999999997,26.71740740740741
777,138,24,1.75,29.452222222222225,27.96111111111111,2023-07-16 13:15:00,2023-07-16 14:45:00,1.4911111111111168,28.72642857142857
778,138,25,1.5,28.059999999999995,26.487777777777776,2023-07-17 10:30:00,2023-07-17 11:45:00,1.5722222222222193,27.338333333333328
779,138,26,1.75,30.255000000000003,28.75388888888889,2023-07-17 17:45:00,2023-07-17 19:15:00,1.5011111111111113,29.581746031746036
780,138,27,1.75,28.15888888888889,25.70777777777778,2023-07-18 14:15:00,2023-07-18 15:45:00,2.4511111111111106,27.07746031746031
781,138,28,2.75,30.255000000000003,28.059999999999995,2023-07-18 17:15:00,2023-07-18 19:45:00,2.1950000000000074,29.417626262626268
782,138,29,1.75,27.76388888888889,25.61,2023-07-19 10:15:00,2023-07-19 11:45:00,2.15388888888889,26.78261904761905
783,138,30,2.0,29.65222222222222,27.272222222222226,2023-07-19 14:15:00,2023-07-19 16:00:00,2.3799999999999955,28.595069444444448
784,138,31,3.25,30.255000000000003,26.39,2023-07-20 14:15:00,2023-07-20 17:15:00,3.865000000000002,28.60696581196581
785,138,32,1.25,28.059999999999995,26.97722222222222,2023-07-21 10:15:00,2023-07-21 11:15:00,1.0827777777777747,27.547777777777767
786,138,33,2.5,30.86222222222223,28.357222222222227,2023-07-21 15:30:00,2023-07-21 17:45:00,2.5050000000000026,29.73522222222223
787,138,34,2.75,28.852777777777774,26.097222222222214,2023-07-22 10:00:00,2023-07-22 12:30:00,2.75555555555556,27.632121212121213
788,138,35,3.0,30.457222222222217,27.075000000000003,2023-07-23 14:30:00,2023-07-23 17:15:00,3.3822222222222145,28.924351851851853
789,138,36,2.5,29.952777777777783,26.585,2023-07-24 14:15:00,2023-07-24 16:30:00,3.367777777777782,28.421111111111113
790,138,37,1.25,30.153888888888886,28.25777777777778,2023-07-25 16:15:00,2023-07-25 17:15:00,1.8961111111111073,29.33388888888889
791,138,38,1.25,28.25777777777778,26.0,2023-07-26 14:15:00,2023-07-26 15:15:00,2.257777777777779,27.136777777777777
792,138,39,2.25,31.37,28.952777777777776,2023-07-26 16:15:00,2023-07-26 18:15:00,2.4172222222222253,30.347530864197527
793,138,40,1.0,26.682777777777776,25.61,2023-07-28 10:15:00,2023-07-28 11:00:00,1.0727777777777767,26.146249999999995
794,138,41,1.0,27.172777777777775,26.0,2023-07-28 14:15:00,2023-07-28 15:00:00,1.1727777777777746,26.61041666666667
795,138,42,1.75,28.852777777777774,26.87888888888889,2023-07-30 14:45:00,2023-07-30 16:15:00,1.973888888888883,27.92039682539683
796,138,43,1.5,27.567222222222217,26.292222222222215,2023-07-31 10:30:00,2023-07-31 11:45:00,1.2750000000000021,26.96138888888889
797,138,44,2.0,28.456111111111117,26.195,2023-07-31 14:15:00,2023-07-31 16:00:00,2.2611111111111164,27.531805555555554
